video_id,channel,channel_id,title,url,format,published_at,duration_sec,views,likes,comments,like_rate,comment_rate,topic,content_pillar,offer_stage,cta_type,telegram_keyword,source_file,snapshot_at,sync_hash,notes
Aw54JvrSnk4,Gold Trader Alliance,UCdS8VXFlNvVohM09qzZGCkA,LIVE TRADING XAUUSD - FOREX DAY 3/8/2026 - GOLD TRADER ALLIANCE,https://www.youtube.com/watch?v=Aw54JvrSnk4,live,2026-08-03T13:16:28Z,41081,5594,85,2,0.0152,0.0004,XAUUSD,Live Proof,Lead Capture,telegram,LIVE,gta_search.json,2026-09-29,b7f7af42e392,Search export row; stats pending API enrichment
jXGNsDAdTOI,Gold Trader Alliance,UCdS8VXFlNvVohM09qzZGCkA,LIVE TRADING XAUUSD - FOREX DAY 27/7/2026 - GOLD TRADER ALLIANCE,https://www.youtube.com/watch?v=jXGNsDAdTOI,live,2026-07-27T10:50:33Z,31811,3724,64,1,0.0172,0.0003,XAUUSD,Live Proof,Lead Capture,telegram,LIVE,gta_search.json,2026-09-29,fc6db1aa9ea6,Search export row; stats pending API enrichment
NTuWmNLWdfo,Gold Trader Alliance,UCdS8VXFlNvVohM09qzZGCkA,The ultimate Gold Price Action strategy,https://www.youtube.com/watch?v=NTuWmNLWdfo,video,2026-05-31T12:00:29Z,24,1072,9,1,0.0084,0.0009,XAUUSD,Lesson,Attraction,subscribe,CHECKLIST,gta_search.json,2026-09-29,32e3ca80e2f3,Search export row; stats pending API enrichment
p9DYQ-8_F7g,Gold Trader Alliance,UCdS8VXFlNvVohM09qzZGCkA,The 1-Minute Scalping Strategy Most Traders Use WRONG I Forex trading Xauusd,https://www.youtube.com/watch?v=p9DYQ-8_F7g,video,2026-05-22T02:13:03Z,501,457,24,9,0.0525,0.0197,XAUUSD,Lesson,Attraction,subscribe,CHECKLIST,gta_search.json,2026-09-29,46b521dbcb60,Search export row; stats pending API enrichment
3qQ5G_DCLdc,Gold Trader Alliance,UCdS8VXFlNvVohM09qzZGCkA,Four Price Action Secrets (The Ultimate Guide To Price Action) I Forex trading Xauusd,https://www.youtube.com/watch?v=3qQ5G_DCLdc,video,2026-05-05T10:01:27Z,507,169,4,1,0.0237,0.0059,XAUUSD,Market Insight,Attraction,subscribe,XAUUSD,gta_search.json,2026-09-29,c60d3ebe1dd1,Search export row; stats pending API enrichment
4dm-6MhQ5_c,Gold Trader Alliance,UCdS8VXFlNvVohM09qzZGCkA,How to Enter a Trade the RIGHT Way (Entry Confirmations) I Forex Trading Xauusd,https://www.youtube.com/watch?v=4dm-6MhQ5_c,video,2026-04-21T10:19:43Z,483,658,25,5,0.0380,0.0076,XAUUSD,Market Insight,Attraction,subscribe,XAUUSD,gta_search.json,2026-09-29,a352634a240e,Search export row; stats pending API enrichment
yZuXzg9MHfI,Gold Trader Alliance,UCdS8VXFlNvVohM09qzZGCkA,How to Identify a Liquidity Sweep and Retail Trade Part 2,https://www.youtube.com/watch?v=yZuXzg9MHfI,video,2026-03-03T12:01:38Z,20,248,4,2,0.0161,0.0081,Trading,Market Insight,Attraction,subscribe,XAUUSD,gta_search.json,2026-09-29,41d15e940075,Search export row; stats pending API enrichment
4e1duYMKJhc,Gold Trader Alliance,UCdS8VXFlNvVohM09qzZGCkA,Multi-Timeframe Analysis When Chart Patterns Meet Trendlines,https://www.youtube.com/watch?v=4e1duYMKJhc,video,2026-02-25T12:00:12Z,24,373,13,7,0.0349,0.0188,Trading,Market Insight,Attraction,subscribe,XAUUSD,gta_search.json,2026-09-29,f1b362c318c4,Search export row; stats pending API enrichment
_lt1prpCOeI,Gold Trader Alliance,UCdS8VXFlNvVohM09qzZGCkA,Mastering the Downtrend Breakout & Retest Strategy,https://www.youtube.com/watch?v=_lt1prpCOeI,video,2026-01-28T12:01:09Z,9,975,21,4,0.0215,0.0041,Trading,Lesson,Attraction,subscribe,CHECKLIST,gta_search.json,2026-09-29,22616140ea0d,Search export row; stats pending API enrichment
pFYFLVlZqRg,Gold Trader Alliance,UCdS8VXFlNvVohM09qzZGCkA,Candlestick Entry Strategy for Forex,https://www.youtube.com/watch?v=pFYFLVlZqRg,video,2026-01-17T12:01:29Z,9,927,22,1,0.0237,0.0011,Forex,Lesson,Attraction,subscribe,CHECKLIST,gta_search.json,2026-09-29,4590f5eb4b1f,Search export row; stats pending API enrichment
