candidate_id,source_video_id,source_channel,source_url,original_title,reason,evidence_metric,views,comments,format,remake_angle,hook_test,target_format,priority_score,offer_stage,cta_type,status,assigned_to,target_due_date,output_short_id,source_file,sync_hash,notes
RC-API-001,Aw54JvrSnk4,Gold Trader Alliance,https://www.youtube.com/watch?v=Aw54JvrSnk4,LIVE TRADING XAUUSD - FOREX DAY 3/8/2026 - GOLD TRADER ALLIANCE,Real stats: 5594 views and 2 comments; use as evidence-backed remake input,youtube_api_views_comments,5594,2,live,Cut the strongest live topic into one checklist-style XAUUSD short,"Before you follow a live XAUUSD setup, check these boxes",short,119,Lead Capture,telegram,Backlog,Content Bridge Agent,,,gta_search.json,266350334c4f,Ranked with real YouTube API views/comments
RC-API-002,x8EPzy07M6c,Gold Trader Alliance,https://www.youtube.com/watch?v=x8EPzy07M6c,LIVE TRADING XAUUSD - FOREX DAY 30/7/2026 - GOLD TRADER ALLIANCE,Real stats: 4761 views and 0 comments; use as evidence-backed remake input,youtube_api_views_comments,4761,0,live,Cut the strongest live topic into one checklist-style XAUUSD short,"Before you follow a live XAUUSD setup, check these boxes",short,107,Lead Capture,telegram,Backlog,Content Bridge Agent,,,gta_search.json,c22cbace05c1,Ranked with real YouTube API views/comments
RC-API-003,jXGNsDAdTOI,Gold Trader Alliance,https://www.youtube.com/watch?v=jXGNsDAdTOI,LIVE TRADING XAUUSD - FOREX DAY 27/7/2026 - GOLD TRADER ALLIANCE,Real stats: 3724 views and 1 comments; use as evidence-backed remake input,youtube_api_views_comments,3724,1,live,Cut the strongest live topic into one checklist-style XAUUSD short,"Before you follow a live XAUUSD setup, check these boxes",short,99,Lead Capture,telegram,Backlog,Content Bridge Agent,,,gta_search.json,049fe8541f6c,Ranked with real YouTube API views/comments
RC-API-004,Uwl8mYSIDVI,Gold Trader Alliance,https://www.youtube.com/watch?v=Uwl8mYSIDVI,LIVE TRADING XAUUSD - FOREX DAY 28/9/2026 - GOLD TRADER ALLIANCE,Real stats: 3799 views and 0 comments; use as evidence-backed remake input,youtube_api_views_comments,3799,0,live,Cut the strongest live topic into one checklist-style XAUUSD short,"Before you follow a live XAUUSD setup, check these boxes",short,97,Lead Capture,telegram,Backlog,Content Bridge Agent,,,gta_search.json,9f70dccc20f6,Ranked with real YouTube API views/comments
RC-API-005,sfhwGXwrEoE,Gold Trader Alliance,https://www.youtube.com/watch?v=sfhwGXwrEoE,LIVE TRADING XAUUSD - FOREX DAY 7/9/2026 - GOLD TRADER ALLIANCE,Real stats: 3691 views and 0 comments; use as evidence-backed remake input,youtube_api_views_comments,3691,0,live,Cut the strongest live topic into one checklist-style XAUUSD short,"Before you follow a live XAUUSD setup, check these boxes",short,96,Lead Capture,telegram,Backlog,Content Bridge Agent,,,gta_search.json,deea4e654b95,Ranked with real YouTube API views/comments
RC-API-006,Hzj2OYtIH50,Gold Trader Alliance,https://www.youtube.com/watch?v=Hzj2OYtIH50,LIVE TRADING XAUUSD - FOREX DAY 8/7/2026 - GOLD TRADER ALLIANCE,Real stats: 3600 views and 0 comments; use as evidence-backed remake input,youtube_api_views_comments,3600,0,live,Cut the strongest live topic into one checklist-style XAUUSD short,"Before you follow a live XAUUSD setup, check these boxes",short,96,Lead Capture,telegram,Backlog,Content Bridge Agent,,,gta_search.json,d766c9dcd869,Ranked with real YouTube API views/comments
RC-API-007,pUig0bkXlrE,Gold Trader Alliance,https://www.youtube.com/watch?v=pUig0bkXlrE,LIVE TRADING XAUUSD - FOREX DAY 4/6/2026 - GOLD TRADER ALLIANCE,Real stats: 3660 views and 0 comments; use as evidence-backed remake input,youtube_api_views_comments,3660,0,live,Cut the strongest live topic into one checklist-style XAUUSD short,"Before you follow a live XAUUSD setup, check these boxes",short,96,Lead Capture,telegram,Backlog,Content Bridge Agent,,,gta_search.json,28ef5f699097,Ranked with real YouTube API views/comments
RC-API-008,PvNfz-Jh_1g,Gold Trader Alliance,https://www.youtube.com/watch?v=PvNfz-Jh_1g,LIVE TRADING XAUUSD - FOREX DAY 29/5/2026 - GOLD TRADER ALLIANCE,Real stats: 3568 views and 0 comments; use as evidence-backed remake input,youtube_api_views_comments,3568,0,live,Cut the strongest live topic into one checklist-style XAUUSD short,"Before you follow a live XAUUSD setup, check these boxes",short,95,Lead Capture,telegram,Backlog,Content Bridge Agent,,,gta_search.json,be5b8c40439f,Ranked with real YouTube API views/comments
RC-API-009,LRP8KyOe278,Gold Trader Alliance,https://www.youtube.com/watch?v=LRP8KyOe278,LIVE TRADING XAUUSD - FOREX DAY 16/9/2026 - GOLD TRADER ALLIANCE,Real stats: 3398 views and 0 comments; use as evidence-backed remake input,youtube_api_views_comments,3398,0,live,Cut the strongest live topic into one checklist-style XAUUSD short,"Before you follow a live XAUUSD setup, check these boxes",short,93,Lead Capture,telegram,Backlog,Content Bridge Agent,,,gta_search.json,9d23fd2fad99,Ranked with real YouTube API views/comments
RC-API-010,ATVSJg8vyyM,Gold Trader Alliance,https://www.youtube.com/watch?v=ATVSJg8vyyM,LIVE TRADING XAUUSD - FOREX DAY 8/9/2026 - GOLD TRADER ALLIANCE #cpi,Real stats: 3309 views and 0 comments; use as evidence-backed remake input,youtube_api_views_comments,3309,0,live,Cut the strongest live topic into one checklist-style XAUUSD short,"Before you follow a live XAUUSD setup, check these boxes",short,93,Lead Capture,telegram,Backlog,Content Bridge Agent,,,gta_search.json,84f89d1abc06,Ranked with real YouTube API views/comments
RC-API-011,Ax9I4cYrfx4,Gold Trader Alliance,https://www.youtube.com/watch?v=Ax9I4cYrfx4,LIVE TRADING XAUUSD - FOREX DAY 9/7/2026 - GOLD TRADER ALLIANCE,Real stats: 3348 views and 0 comments; use as evidence-backed remake input,youtube_api_views_comments,3348,0,live,Cut the strongest live topic into one checklist-style XAUUSD short,"Before you follow a live XAUUSD setup, check these boxes",short,93,Lead Capture,telegram,Backlog,Content Bridge Agent,,,gta_search.json,d0c5e4e3f5e0,Ranked with real YouTube API views/comments
RC-API-012,7nGwTPLaPQc,Gold Trader Alliance,https://www.youtube.com/watch?v=7nGwTPLaPQc,LIVE TRADING XAUUSD - FOREX DAY 30/01/2026 - GOLD TRADER ALLIANCE,Real stats: 3250 views and 0 comments; use as evidence-backed remake input,youtube_api_views_comments,3250,0,live,Cut the strongest live topic into one checklist-style XAUUSD short,"Before you follow a live XAUUSD setup, check these boxes",short,92,Lead Capture,telegram,Backlog,Content Bridge Agent,,,gta_search.json,a7be15d7bb40,Ranked with real YouTube API views/comments
RC-API-013,ttnP6ys-SdQ,Gold Trader Alliance,https://www.youtube.com/watch?v=ttnP6ys-SdQ,LIVE TRADING XAUUSD - FOREX DAY 24/9/2026 - GOLD TRADER ALLIANCE,Real stats: 2945 views and 0 comments; use as evidence-backed remake input,youtube_api_views_comments,2945,0,live,Cut the strongest live topic into one checklist-style XAUUSD short,"Before you follow a live XAUUSD setup, check these boxes",short,89,Lead Capture,telegram,Backlog,Content Bridge Agent,,,gta_search.json,2d04cb3cf69a,Ranked with real YouTube API views/comments
RC-API-014,kfYg9VUTqqM,Gold Trader Alliance,https://www.youtube.com/watch?v=kfYg9VUTqqM,LIVE TRADING XAUUSD - FOREX DAY 27/5/2026 - GOLD TRADER ALLIANCE,Real stats: 2954 views and 0 comments; use as evidence-backed remake input,youtube_api_views_comments,2954,0,live,Cut the strongest live topic into one checklist-style XAUUSD short,"Before you follow a live XAUUSD setup, check these boxes",short,89,Lead Capture,telegram,Backlog,Content Bridge Agent,,,gta_search.json,c28f6bee5a76,Ranked with real YouTube API views/comments
RC-API-015,464FLwzcq88,Gold Trader Alliance,https://www.youtube.com/watch?v=464FLwzcq88,LIVE TRADING XAUUSD - FOREX DAY 10/7/2026 - GOLD TRADER ALLIANCE,Real stats: 2842 views and 0 comments; use as evidence-backed remake input,youtube_api_views_comments,2842,0,live,Cut the strongest live topic into one checklist-style XAUUSD short,"Before you follow a live XAUUSD setup, check these boxes",short,88,Lead Capture,telegram,Backlog,Content Bridge Agent,,,gta_search.json,343cdfa8482a,Ranked with real YouTube API views/comments
RC-API-016,HUU8MKViCIw,Gold Trader Alliance,https://www.youtube.com/watch?v=HUU8MKViCIw,LIVE TRADING XAUUSD - FOREX DAY 20/4/2026 - GOLD TRADER ALLIANCE,Real stats: 2723 views and 0 comments; use as evidence-backed remake input,youtube_api_views_comments,2723,0,live,Cut the strongest live topic into one checklist-style XAUUSD short,"Before you follow a live XAUUSD setup, check these boxes",short,87,Lead Capture,telegram,Backlog,Content Bridge Agent,,,gta_search.json,f350511504bb,Ranked with real YouTube API views/comments
RC-API-017,bVNoEuwbA0U,Gold Trader Alliance,https://www.youtube.com/watch?v=bVNoEuwbA0U,LIVE TRADING XAUUSD - FOREX DAY 27/3/2026 - GOLD TRADER ALLIANCE,Real stats: 2721 views and 0 comments; use as evidence-backed remake input,youtube_api_views_comments,2721,0,live,Cut the strongest live topic into one checklist-style XAUUSD short,"Before you follow a live XAUUSD setup, check these boxes",short,87,Lead Capture,telegram,Backlog,Content Bridge Agent,,,gta_search.json,1b2a1fbc322e,Ranked with real YouTube API views/comments
RC-API-018,dDasa4crYbc,Gold Trader Alliance,https://www.youtube.com/watch?v=dDasa4crYbc,LIVE TRADING XAUUSD - FOREX DAY 02/7/2026 - GOLD TRADER ALLIANCE,Real stats: 2138 views and 0 comments; use as evidence-backed remake input,youtube_api_views_comments,2138,0,live,Cut the strongest live topic into one checklist-style XAUUSD short,"Before you follow a live XAUUSD setup, check these boxes",short,81,Lead Capture,telegram,Backlog,Content Bridge Agent,,,gta_search.json,935349e94158,Ranked with real YouTube API views/comments
RC-API-019,Jhaw9IfX0Wo,Gold Trader Alliance,https://www.youtube.com/watch?v=Jhaw9IfX0Wo,LIVE TRADING XAUUSD - FOREX DAY 29/9/2026 - GOLD TRADER ALLIANCE,Real stats: 2041 views and 0 comments; use as evidence-backed remake input,youtube_api_views_comments,2041,0,live,Cut the strongest live topic into one checklist-style XAUUSD short,"Before you follow a live XAUUSD setup, check these boxes",short,80,Lead Capture,telegram,Backlog,Content Bridge Agent,,,gta_search.json,5a58695aa31e,Ranked with real YouTube API views/comments
RC-API-020,QzbBwo9TIGo,Gold Trader Alliance,https://www.youtube.com/watch?v=QzbBwo9TIGo,LIVE TRADING XAUUSD - FOREX DAY 11/02/2026 - GOLD TRADER ALLIANCE,Real stats: 2022 views and 0 comments; use as evidence-backed remake input,youtube_api_views_comments,2022,0,live,Cut the strongest live topic into one checklist-style XAUUSD short,"Before you follow a live XAUUSD setup, check these boxes",short,80,Lead Capture,telegram,Backlog,Content Bridge Agent,,,gta_search.json,019a1c6137d3,Ranked with real YouTube API views/comments
RC-API-021,Qw_l5fmW1Do,Gold Trader Alliance,https://www.youtube.com/watch?v=Qw_l5fmW1Do,LIVE TRADING XAUUSD - FOREX DAY 04/5/2026 - GOLD TRADER ALLIANCE,Real stats: 1708 views and 0 comments; use as evidence-backed remake input,youtube_api_views_comments,1708,0,live,Cut the strongest live topic into one checklist-style XAUUSD short,"Before you follow a live XAUUSD setup, check these boxes",short,77,Lead Capture,telegram,Backlog,Content Bridge Agent,,,gta_search.json,e49237cba0c4,Ranked with real YouTube API views/comments
RC-API-022,KCzPqhJDI24,Gold Trader Alliance,https://www.youtube.com/watch?v=KCzPqhJDI24,LIVE TRADING XAUUSD - FOREX DAY 3/4/2026 - GOLD TRADER ALLIANCE,Real stats: 1036 views and 0 comments; use as evidence-backed remake input,youtube_api_views_comments,1036,0,live,Cut the strongest live topic into one checklist-style XAUUSD short,"Before you follow a live XAUUSD setup, check these boxes",short,70,Lead Capture,telegram,Backlog,Content Bridge Agent,,,gta_search.json,7940055fcd21,Ranked with real YouTube API views/comments
RC-API-023,lH5rIt_oU8k,Gold Trader Alliance,https://www.youtube.com/watch?v=lH5rIt_oU8k,LIVE TRADING XAUUSD - FOREX DAY 2/3/2026 - GOLD TRADER ALLIANCE,Real stats: 1024 views and 0 comments; use as evidence-backed remake input,youtube_api_views_comments,1024,0,live,Cut the strongest live topic into one checklist-style XAUUSD short,"Before you follow a live XAUUSD setup, check these boxes",short,70,Lead Capture,telegram,Backlog,Content Bridge Agent,,,gta_search.json,f3e70728fd77,Ranked with real YouTube API views/comments
RC-API-024,LZGwiJhkZ14,Gold Trader Alliance,https://www.youtube.com/watch?v=LZGwiJhkZ14,LIVE TRADING XAUUSD - FOREX DAY 30/5/2026 - GOLD TRADER ALLIANCE,Real stats: 676 views and 0 comments; use as evidence-backed remake input,youtube_api_views_comments,676,0,live,Cut the strongest live topic into one checklist-style XAUUSD short,"Before you follow a live XAUUSD setup, check these boxes",short,66,Lead Capture,telegram,Backlog,Content Bridge Agent,,,gta_search.json,5ab6530cc172,Ranked with real YouTube API views/comments
RC-API-025,p9DYQ-8_F7g,Gold Trader Alliance,https://www.youtube.com/watch?v=p9DYQ-8_F7g,The 1-Minute Scalping Strategy Most Traders Use WRONG I Forex trading Xauusd,Real stats: 457 views and 9 comments; use as evidence-backed remake input,youtube_api_views_comments,457,9,video,Turn proven competitor topic into an Azzam proof/process short,"Before you trade XAUUSD, check this first",short,57,Attraction,telegram,Backlog,Content Bridge Agent,,,gta_search.json,e890d77f5349,Ranked with real YouTube API views/comments
RC-API-026,4dm-6MhQ5_c,Gold Trader Alliance,https://www.youtube.com/watch?v=4dm-6MhQ5_c,How to Enter a Trade the RIGHT Way (Entry Confirmations) I Forex Trading Xauusd,Real stats: 658 views and 5 comments; use as evidence-backed remake input,youtube_api_views_comments,658,5,video,Turn proven competitor topic into an Azzam proof/process short,"Before you trade XAUUSD, check this first",short,51,Attraction,telegram,Backlog,Content Bridge Agent,,,gta_search.json,201856454b3d,Ranked with real YouTube API views/comments
RC-API-027,I_Px5E3DmXY,Gold Trader Alliance,https://www.youtube.com/watch?v=I_Px5E3DmXY,Gold price action right before the move #xauusd #shorts #analysis,Real stats: 1592 views and 0 comments; use as evidence-backed remake input,youtube_api_views_comments,1592,0,short,Turn proven competitor topic into an Azzam proof/process short,"Before you trade XAUUSD, check this first",short,50,Attraction,telegram,Backlog,Content Bridge Agent,,,gta_search.json,733ca20c9cbf,Ranked with real YouTube API views/comments
RC-API-028,NTuWmNLWdfo,Gold Trader Alliance,https://www.youtube.com/watch?v=NTuWmNLWdfo,The ultimate Gold Price Action strategy,Real stats: 1072 views and 1 comments; use as evidence-backed remake input,youtube_api_views_comments,1072,1,video,Turn proven competitor topic into an Azzam proof/process short,"Before you trade XAUUSD, check this first",short,47,Attraction,telegram,Backlog,Content Bridge Agent,,,gta_search.json,f904eef8df80,Ranked with real YouTube API views/comments
RC-API-029,OhtYFWr10Kk,Gold Trader Alliance,https://www.youtube.com/watch?v=OhtYFWr10Kk,How to Identify XAUUSD Reversal Points with Supply & Demand,Real stats: 1167 views and 0 comments; use as evidence-backed remake input,youtube_api_views_comments,1167,0,video,Turn proven competitor topic into an Azzam proof/process short,"Before you trade XAUUSD, check this first",short,46,Attraction,telegram,Backlog,Content Bridge Agent,,,gta_search.json,74e561ed13be,Ranked with real YouTube API views/comments
RC-API-030,ATxjC6bYxsg,Gold Trader Alliance,https://www.youtube.com/watch?v=ATxjC6bYxsg,This Liquidity Strategy That Works Everyday I Forex trading Xauusd,Real stats: 954 views and 0 comments; use as evidence-backed remake input,youtube_api_views_comments,954,0,video,Turn proven competitor topic into an Azzam proof/process short,"Before you trade XAUUSD, check this first",short,44,Attraction,telegram,Backlog,Content Bridge Agent,,,gta_search.json,756388fd77c6,Ranked with real YouTube API views/comments
RC-API-031,9DeyVt4CmjY,Azzam Master Trading,https://www.youtube.com/watch?v=9DeyVt4CmjY,LIVE XAUUSD Trading 28/09 | Real-Time Forex Analysis & Entries,Real stats: 108 views and 0 comments; use as evidence-backed remake input,youtube_api_views_comments,108,0,live,Cut the strongest live topic into one checklist-style XAUUSD short,"Before you follow a live XAUUSD setup, check these boxes",short,41,Attraction,telegram,Backlog,Content Bridge Agent,,,azzam_search.json,e327c491be64,Ranked with real YouTube API views/comments
RC-API-032,ielOwqMebb8,Gold Trader Alliance,https://www.youtube.com/watch?v=ielOwqMebb8,Gold Price Prediction Today: XAUUSD Analysis and trends,Real stats: 637 views and 0 comments; use as evidence-backed remake input,youtube_api_views_comments,637,0,video,Turn proven competitor topic into an Azzam proof/process short,"Before you trade XAUUSD, check this first",short,41,Attraction,telegram,Backlog,Content Bridge Agent,,,gta_search.json,91d5656f1b86,Ranked with real YouTube API views/comments
RC-API-033,EVFWJ0qsYzI,Azzam Master Trading,https://www.youtube.com/watch?v=EVFWJ0qsYzI,LIVE XAUUSD Trading 28/09 | Real-Time Forex Analysis & Entries,Real stats: 4 views and 0 comments; use as evidence-backed remake input,youtube_api_views_comments,4,0,live,Cut the strongest live topic into one checklist-style XAUUSD short,"Before you follow a live XAUUSD setup, check these boxes",short,40,Attraction,telegram,Backlog,Content Bridge Agent,,,azzam_search.json,52df9cfafe49,Ranked with real YouTube API views/comments
RC-API-034,muqGnzlvDS8,Gold Trader Alliance,https://www.youtube.com/watch?v=muqGnzlvDS8,Smart Entries In Strong Trend I Forex trading Xauusd,Real stats: 594 views and 0 comments; use as evidence-backed remake input,youtube_api_views_comments,594,0,video,Turn proven competitor topic into an Azzam proof/process short,"Before you trade XAUUSD, check this first",short,40,Attraction,telegram,Backlog,Content Bridge Agent,,,gta_search.json,7d13c5612bd7,Ranked with real YouTube API views/comments
RC-API-035,HqDbz0rernU,Azzam Master Trading,https://www.youtube.com/watch?v=HqDbz0rernU,LIVE XAUUSD Trading 25/09 | Real-Time Forex Analysis & Entries,Real stats: 7 views and 0 comments; use as evidence-backed remake input,youtube_api_views_comments,7,0,live,Cut the strongest live topic into one checklist-style XAUUSD short,"Before you follow a live XAUUSD setup, check these boxes",short,40,Attraction,telegram,Backlog,Content Bridge Agent,,,azzam_search.json,9efc605b245d,Ranked with real YouTube API views/comments
RC-API-036,9Zj0i9l47HI,Azzam Master Trading,https://www.youtube.com/watch?v=9Zj0i9l47HI,LIVE XAUUSD Trading 22/09 | Real-Time Forex Analysis & Entries,Real stats: 15 views and 0 comments; use as evidence-backed remake input,youtube_api_views_comments,15,0,live,Cut the strongest live topic into one checklist-style XAUUSD short,"Before you follow a live XAUUSD setup, check these boxes",short,40,Attraction,telegram,Backlog,Content Bridge Agent,,,azzam_search.json,997979347776,Ranked with real YouTube API views/comments
RC-API-037,0xrTR-AFDeM,Azzam Master Trading,https://www.youtube.com/watch?v=0xrTR-AFDeM,LIVE XAUUSD Trading 21/09 | Real-Time Forex Analysis & Entries,Real stats: 5 views and 0 comments; use as evidence-backed remake input,youtube_api_views_comments,5,0,live,Cut the strongest live topic into one checklist-style XAUUSD short,"Before you follow a live XAUUSD setup, check these boxes",short,40,Attraction,telegram,Backlog,Content Bridge Agent,,,azzam_search.json,c09c6d017072,Ranked with real YouTube API views/comments
RC-API-038,tudUQVNQ1LM,Azzam Master Trading,https://www.youtube.com/watch?v=tudUQVNQ1LM,LIVE XAUUSD Trading 21/09 | Real-Time Forex Analysis & Entries,Real stats: 10 views and 0 comments; use as evidence-backed remake input,youtube_api_views_comments,10,0,live,Cut the strongest live topic into one checklist-style XAUUSD short,"Before you follow a live XAUUSD setup, check these boxes",short,40,Attraction,telegram,Backlog,Content Bridge Agent,,,azzam_search.json,12d24c4abfe9,Ranked with real YouTube API views/comments
RC-API-039,aIbimkVNFG4,Azzam Master Trading,https://www.youtube.com/watch?v=aIbimkVNFG4,LIVE XAUUSD Trading 18/09 | Real-Time Forex Analysis & Entries,Real stats: 10 views and 0 comments; use as evidence-backed remake input,youtube_api_views_comments,10,0,live,Cut the strongest live topic into one checklist-style XAUUSD short,"Before you follow a live XAUUSD setup, check these boxes",short,40,Attraction,telegram,Backlog,Content Bridge Agent,,,azzam_search.json,b80bd70140ad,Ranked with real YouTube API views/comments
RC-API-040,zf2zobwR87A,Azzam Master Trading,https://www.youtube.com/watch?v=zf2zobwR87A,LIVE XAUUSD Trading 17/09 | Real-Time Forex Analysis & Entries,Real stats: 49 views and 0 comments; use as evidence-backed remake input,youtube_api_views_comments,49,0,live,Cut the strongest live topic into one checklist-style XAUUSD short,"Before you follow a live XAUUSD setup, check these boxes",short,40,Attraction,telegram,Backlog,Content Bridge Agent,,,azzam_search.json,384e82bb4350,Ranked with real YouTube API views/comments
RC-API-041,J9ThPmxowQ0,Azzam Master Trading,https://www.youtube.com/watch?v=J9ThPmxowQ0,LIVE XAUUSD Trading 16/09 | Real-Time Forex Analysis & Entries,Real stats: 35 views and 0 comments; use as evidence-backed remake input,youtube_api_views_comments,35,0,live,Cut the strongest live topic into one checklist-style XAUUSD short,"Before you follow a live XAUUSD setup, check these boxes",short,40,Attraction,telegram,Backlog,Content Bridge Agent,,,azzam_search.json,0dfb72e483bf,Ranked with real YouTube API views/comments
RC-API-042,ooKHxUlIaR0,Azzam Master Trading,https://www.youtube.com/watch?v=ooKHxUlIaR0,LIVE XAUUSD Trading 15/09 | Real-Time Forex Analysis & Entries,Real stats: 34 views and 0 comments; use as evidence-backed remake input,youtube_api_views_comments,34,0,live,Cut the strongest live topic into one checklist-style XAUUSD short,"Before you follow a live XAUUSD setup, check these boxes",short,40,Attraction,telegram,Backlog,Content Bridge Agent,,,azzam_search.json,8000ca1f30b1,Ranked with real YouTube API views/comments
RC-API-043,FtTdmuKoTBg,Gold Trader Alliance,https://www.youtube.com/watch?v=FtTdmuKoTBg,SMC Bearish Entry Setup I Forex trading Xauusd,Real stats: 518 views and 0 comments; use as evidence-backed remake input,youtube_api_views_comments,518,0,video,Turn proven competitor topic into an Azzam proof/process short,"Before you trade XAUUSD, check this first",short,40,Attraction,telegram,Backlog,Content Bridge Agent,,,gta_search.json,5574552cbbc6,Ranked with real YouTube API views/comments
RC-API-044,SaR_bs9gjU8,Azzam Master Trading,https://www.youtube.com/watch?v=SaR_bs9gjU8,LIVE XAUUSD Trading 11/09 | Real-Time Forex Analysis & Entries,Real stats: 70 views and 0 comments; use as evidence-backed remake input,youtube_api_views_comments,70,0,live,Cut the strongest live topic into one checklist-style XAUUSD short,"Before you follow a live XAUUSD setup, check these boxes",short,40,Attraction,telegram,Backlog,Content Bridge Agent,,,azzam_search.json,636c0534ce13,Ranked with real YouTube API views/comments
RC-API-045,GFLcuJC0dwY,Azzam Master Trading,https://www.youtube.com/watch?v=GFLcuJC0dwY,LIVE XAUUSD Trading 10/09 | Real-Time Forex Analysis & Entries,Real stats: 34 views and 0 comments; use as evidence-backed remake input,youtube_api_views_comments,34,0,live,Cut the strongest live topic into one checklist-style XAUUSD short,"Before you follow a live XAUUSD setup, check these boxes",short,40,Attraction,telegram,Backlog,Content Bridge Agent,,,azzam_search.json,5e958c42c3c3,Ranked with real YouTube API views/comments
RC-API-046,HGm5wbo9Hzk,Azzam Master Trading,https://www.youtube.com/watch?v=HGm5wbo9Hzk,LIVE XAUUSD Trading 09/09 | Real-Time Forex Analysis & Entries,Real stats: 54 views and 0 comments; use as evidence-backed remake input,youtube_api_views_comments,54,0,live,Cut the strongest live topic into one checklist-style XAUUSD short,"Before you follow a live XAUUSD setup, check these boxes",short,40,Attraction,telegram,Backlog,Content Bridge Agent,,,azzam_search.json,fb40d229a130,Ranked with real YouTube API views/comments
RC-API-047,6-c-RBPUzeM,Azzam Master Trading,https://www.youtube.com/watch?v=6-c-RBPUzeM,LIVE XAUUSD Trading 08/09 | Real-Time Forex Analysis & Entries,Real stats: 12 views and 0 comments; use as evidence-backed remake input,youtube_api_views_comments,12,0,live,Cut the strongest live topic into one checklist-style XAUUSD short,"Before you follow a live XAUUSD setup, check these boxes",short,40,Attraction,telegram,Backlog,Content Bridge Agent,,,azzam_search.json,d3fabf4ca70d,Ranked with real YouTube API views/comments
RC-API-048,wfuCPKBawhQ,Azzam Master Trading,https://www.youtube.com/watch?v=wfuCPKBawhQ,LIVE XAUUSD Trading 08/09 | Real-Time Forex Analysis & Entries,Real stats: 1 views and 0 comments; use as evidence-backed remake input,youtube_api_views_comments,1,0,live,Cut the strongest live topic into one checklist-style XAUUSD short,"Before you follow a live XAUUSD setup, check these boxes",short,40,Attraction,telegram,Backlog,Content Bridge Agent,,,azzam_search.json,538ad9f85fe7,Ranked with real YouTube API views/comments
RC-API-049,O6kyFIkJbTE,Azzam Master Trading,https://www.youtube.com/watch?v=O6kyFIkJbTE,LIVE XAUUSD Trading 07/09 | Real-Time Forex Analysis & Entries,Real stats: 26 views and 0 comments; use as evidence-backed remake input,youtube_api_views_comments,26,0,live,Cut the strongest live topic into one checklist-style XAUUSD short,"Before you follow a live XAUUSD setup, check these boxes",short,40,Attraction,telegram,Backlog,Content Bridge Agent,,,azzam_search.json,35a462922e77,Ranked with real YouTube API views/comments
RC-API-050,OKGW9SKs8jk,Azzam Master Trading,https://www.youtube.com/watch?v=OKGW9SKs8jk,LIVE XAUUSD Trading 04/09 | Real-Time Forex Analysis & Entries,Real stats: 13 views and 0 comments; use as evidence-backed remake input,youtube_api_views_comments,13,0,live,Cut the strongest live topic into one checklist-style XAUUSD short,"Before you follow a live XAUUSD setup, check these boxes",short,40,Attraction,telegram,Backlog,Content Bridge Agent,,,azzam_search.json,b152db6dbe33,Ranked with real YouTube API views/comments
