video_id,title,channel,channel_id,url,published,views,likes,comments,duration
g3oDYq4P9ZE,ICT Daily Bias - The Only Video You Will Ever Need!,TTrades,UCQwUEVakiYDmNGe7UBza4sQ,https://www.youtube.com/shorts/g3oDYq4P9ZE,2023-08-01T15:00:27Z,1631244,55549,3024,PT18M30S
0xygpCMwxbQ,A+ ICT Entry Checklist - ICT Concepts,TTrades,UCQwUEVakiYDmNGe7UBza4sQ,https://www.youtube.com/shorts/0xygpCMwxbQ,2023-05-29T14:00:01Z,1123876,32836,930,PT10M59S
U8xH2dEgH5A,Liquidity: Buyside &amp; Sellside - ICT Concepts,TTrades,UCQwUEVakiYDmNGe7UBza4sQ,https://www.youtube.com/shorts/U8xH2dEgH5A,2023-06-28T14:00:16Z,903587,25825,738,PT9M55S
DMUiDBnTYc8,Order Blocks Simplified - ICT Concepts,TTrades,UCQwUEVakiYDmNGe7UBza4sQ,https://www.youtube.com/shorts/DMUiDBnTYc8,2023-12-26T16:00:06Z,543888,17430,677,PT14M58S
1YRs4Z1lMws,Optimal Trade Entry (OTE) - ICT Concepts,TTrades,UCQwUEVakiYDmNGe7UBza4sQ,https://www.youtube.com/shorts/1YRs4Z1lMws,2023-09-12T15:00:07Z,478537,13821,399,PT12M45S
uDJI2AbyyCs,Inversion Fair Value Gaps (IFVG) - ICT Concepts,TTrades,UCQwUEVakiYDmNGe7UBza4sQ,https://www.youtube.com/shorts/uDJI2AbyyCs,2023-12-05T16:00:06Z,451313,17582,463,PT10M15S
_94CPMjWi9E,Market Structure Shift - ICT Concepts,TTrades,UCQwUEVakiYDmNGe7UBza4sQ,https://www.youtube.com/shorts/_94CPMjWi9E,2023-07-17T15:00:21Z,445009,13854,606,PT8M7S
q1NmxUTm4n4,SMT Divergence - ICT Concepts,TTrades,UCQwUEVakiYDmNGe7UBza4sQ,https://www.youtube.com/shorts/q1NmxUTm4n4,2023-03-13T16:00:25Z,443194,14560,378,PT9M8S
YESqIoA7Wyg,Important Liquidity Levels - Draw On Liquidity - ICT,TTrades,UCQwUEVakiYDmNGe7UBza4sQ,https://www.youtube.com/shorts/YESqIoA7Wyg,2023-10-17T15:00:08Z,394553,11758,292,PT12M48S
6zTz7WMdMWg,Intraday Bias Simplified - ICT Concepts,TTrades,UCQwUEVakiYDmNGe7UBza4sQ,https://www.youtube.com/shorts/6zTz7WMdMWg,2023-08-08T15:00:05Z,381015,14005,852,PT25M4S
pq9qObptK9E,Teaching You How To Day Trade In Less Than A Minute 📈 #shorts,Raghee Horner,UC8YRFsqXIjtDIpfpfqyC0hg,https://www.youtube.com/shorts/pq9qObptK9E,2026-09-29T20:05:50Z,4901,228,25,PT1M12S
SHi_F1VYo2M,Trading Expert Reacts 📈  #shorts,Raghee Horner,UC8YRFsqXIjtDIpfpfqyC0hg,https://www.youtube.com/shorts/SHi_F1VYo2M,2026-09-29T12:05:19Z,3191,104,3,PT49S
wU5FoDJq8y4,Buy vs. Sell vs. Hold 📉 #shorts,Raghee Horner,UC8YRFsqXIjtDIpfpfqyC0hg,https://www.youtube.com/shorts/wU5FoDJq8y4,2026-09-30T16:06:14Z,1456,85,2,PT1M24S
aArQnVsJpLA,The Biggest Myths They Tell Day Traders 📉  #shorts,Raghee Horner,UC8YRFsqXIjtDIpfpfqyC0hg,https://www.youtube.com/shorts/aArQnVsJpLA,2026-09-28T16:06:52Z,2879,144,4,PT41S
I29peidTQxU,10 year FX Scalping Strategy in 42 seconds! #trading,Trade with Pat,UC04-HvUvHG4hpMnQx07ObYQ,https://www.youtube.com/shorts/I29peidTQxU,2025-06-08T12:09:42Z,4585339,97659,1798,PT42S
nkMzaQqpFbw,The 3 Step A+ Supply &amp; Demand Strategy (That Actually Works),Trade with Pat,UC04-HvUvHG4hpMnQx07ObYQ,https://www.youtube.com/shorts/nkMzaQqpFbw,2025-10-11T13:01:38Z,556963,22547,1024,PT18M24S
TvWks6oJ-9U,3 Best Forex Robots for 2026 that ACTUALLY Work,Trade with Pat,UC04-HvUvHG4hpMnQx07ObYQ,https://www.youtube.com/shorts/TvWks6oJ-9U,2025-02-26T13:48:31Z,484219,11937,1145,PT12M41S
G2THP1LGPB0,I Tested the BEST Free Forex Signals Telegram Groups in 2024,Trade with Pat,UC04-HvUvHG4hpMnQx07ObYQ,https://www.youtube.com/shorts/G2THP1LGPB0,2023-05-09T13:00:22Z,421536,10585,589,PT12M33S
THCxYD853JE,Don’t BUY Prop Firm Trading Challenges ❌ #forex,Trade with Pat,UC04-HvUvHG4hpMnQx07ObYQ,https://www.youtube.com/shorts/THCxYD853JE,2024-04-17T19:40:16Z,512161,9635,310,PT28S
JL7HdUKRxfI,The Only Swing Trading Video Beginners will Ever Need! (Step by Step Guide),Trade with Pat,UC04-HvUvHG4hpMnQx07ObYQ,https://www.youtube.com/shorts/JL7HdUKRxfI,2025-10-05T12:51:06Z,314959,10270,383,PT19M39S
R9yZSDpdCGE,The 1 Scalping Strategy I’ll Trade for the Rest of My Life (FULL GUIDE &amp; EXAMPLES),Trade with Pat,UC04-HvUvHG4hpMnQx07ObYQ,https://www.youtube.com/shorts/R9yZSDpdCGE,2025-06-27T11:34:44Z,193236,6542,453,PT24M15S
sclIAK3x2dw,The ONLY Liquidity Trading Strategy WORTH Learning (3 Steps),Trade with Pat,UC04-HvUvHG4hpMnQx07ObYQ,https://www.youtube.com/shorts/sclIAK3x2dw,2026-03-16T12:09:14Z,193168,7657,316,PT8M15S
B_dVwXYQ-oc,My 1 Minute Scalping Strategy (Complete Course),Trade with Pat,UC04-HvUvHG4hpMnQx07ObYQ,https://www.youtube.com/shorts/B_dVwXYQ-oc,2025-08-07T14:35:17Z,192341,5259,330,PT14M38S
rBLL6lm0vkk,ORB Trading Strategy that ACTUALLY WINS,Trade with Pat,UC04-HvUvHG4hpMnQx07ObYQ,https://www.youtube.com/shorts/rBLL6lm0vkk,2025-09-07T12:03:15Z,383937,7449,349,PT32S
990oOC-bHxA,Every Candlestick Tells a Story... Here&#39;s how to read them like a pro,JeaFx,UC1Jp-8YnEz3pjPkhCC555gA,https://www.youtube.com/shorts/990oOC-bHxA,2025-03-13T09:02:31Z,2985757,88206,2885,PT27M58S
JD_sWSjIiJE,Always Wait For THIS Before Entering Trades (Candlestick Closures),JeaFx,UC1Jp-8YnEz3pjPkhCC555gA,https://www.youtube.com/shorts/JD_sWSjIiJE,2024-11-07T15:34:46Z,1695547,47373,1670,PT15M55S
ygleB1CLhUE,Master Market Structure in 68 Minutes (Step-by-Step Course),JeaFx,UC1Jp-8YnEz3pjPkhCC555gA,https://www.youtube.com/shorts/ygleB1CLhUE,2025-06-20T13:29:53Z,1734380,45272,1959,PT1H8M59S
JhBX0TQ41H8,Liquidity + Structure = Profit,JeaFx,UC1Jp-8YnEz3pjPkhCC555gA,https://www.youtube.com/shorts/JhBX0TQ41H8,2024-11-02T11:06:32Z,1624514,51116,1281,PT20M8S
9nRFcetXqkA,Master Liquidity Sweeps &amp; Inducements (in 25 minutes),JeaFx,UC1Jp-8YnEz3pjPkhCC555gA,https://www.youtube.com/shorts/9nRFcetXqkA,2025-06-14T09:49:42Z,1301153,33261,1052,PT25M12S
wIyZcY6kNuo,Forex Trading For Beginners (FULL COURSE),JeaFx,UC1Jp-8YnEz3pjPkhCC555gA,https://www.youtube.com/shorts/wIyZcY6kNuo,2023-09-04T10:13:27Z,1230143,38794,2131,PT31M9S
m-G1ag77aVc,The PERFECT ENTRY Strategy That Will 10x Your Results...,JeaFx,UC1Jp-8YnEz3pjPkhCC555gA,https://www.youtube.com/shorts/m-G1ag77aVc,2025-05-23T08:57:37Z,1101999,33048,1180,PT17M50S
GKN-iVjJpyA,Ultimate Top Down Analysis Strategy (Step by Step),JeaFx,UC1Jp-8YnEz3pjPkhCC555gA,https://www.youtube.com/shorts/GKN-iVjJpyA,2024-04-02T15:49:39Z,929829,26080,1197,PT29M49S
yaCM_cr5BXo,ULTIMATE Supply and Demand Masterclass (Beginner to Pro),JeaFx,UC1Jp-8YnEz3pjPkhCC555gA,https://www.youtube.com/shorts/yaCM_cr5BXo,2025-06-27T08:03:58Z,891574,24935,1228,PT40M3S
LclxDYccla8,The ONLY Market Structure Lesson You&#39;ll EVER Need (Step by Step),JeaFx,UC1Jp-8YnEz3pjPkhCC555gA,https://www.youtube.com/shorts/LclxDYccla8,2023-10-13T11:51:55Z,733179,19653,355,PT7M32S
N3zKiq4qZMM,Specific Short,Unknown,,https://www.youtube.com/shorts/N3zKiq4qZMM,,15701,709,12,PT36S
