platform,channel_or_account,content_id,content_url,comment_id,comment_text,comment_timestamp,collected_at,engagement_likes,reply_count,language,author_hash,parent_comment_id,source_actor,source_run_id,video_id,video_title,video_channel,video_views,video_comments
youtube,Gold Trader Alliance,Aw54JvrSnk4,https://www.youtube.com/watch?v=Aw54JvrSnk4,UgwNpoiQkglVEyZpCIh4AaABAg,Good morning Brian,2026-08-04T05:41:48Z,2026-10-01T13:19:40.879076+00:00,0,1,,5cba3c0bb1b7190324b117d87459f45eaca13f2a0094b679419d349c7787aee7,,youtube-data-api-v3/commentThreads.list,,Aw54JvrSnk4,LIVE TRADING XAUUSD - FOREX DAY 3/8/2026 - GOLD TRADER ALLIANCE,Gold Trader Alliance,5594,2
youtube,Gold Trader Alliance,Aw54JvrSnk4,https://www.youtube.com/watch?v=Aw54JvrSnk4,UgwNpoiQkglVEyZpCIh4AaABAg.A_4LT0R4ZcZA_EVWCl7e5H,Hey there!,2026-08-08T04:22:01Z,2026-10-01T13:19:40.879076+00:00,0,0,,87eaaeb5ccafe07b989a4152bec3730aefea0c97e35f12f26589732881bbd799,UgwNpoiQkglVEyZpCIh4AaABAg,youtube-data-api-v3/commentThreads.list,,Aw54JvrSnk4,LIVE TRADING XAUUSD - FOREX DAY 3/8/2026 - GOLD TRADER ALLIANCE,Gold Trader Alliance,5594,2
youtube,Gold Trader Alliance,jXGNsDAdTOI,https://www.youtube.com/watch?v=jXGNsDAdTOI,UgzJuoM5rIZbmqSs-Kd4AaABAg,Hey، sell؟,2026-07-27T10:49:35Z,2026-10-01T13:19:41.454015+00:00,0,0,,2cd25f31a698e3277ac634152ec09052b621d02a0f35f6ff4044d709d15dadc8,,youtube-data-api-v3/commentThreads.list,,jXGNsDAdTOI,LIVE TRADING XAUUSD - FOREX DAY 27/7/2026 - GOLD TRADER ALLIANCE,Gold Trader Alliance,3724,1
youtube,Gold Trader Alliance,NTuWmNLWdfo,https://www.youtube.com/watch?v=NTuWmNLWdfo,Ugy6gJgUTMaEPe_CkDN4AaABAg,The best ever,2026-06-11T06:22:05Z,2026-10-01T13:19:42.007032+00:00,0,0,,5cba3c0bb1b7190324b117d87459f45eaca13f2a0094b679419d349c7787aee7,,youtube-data-api-v3/commentThreads.list,,NTuWmNLWdfo,The ultimate Gold Price Action strategy,Gold Trader Alliance,1072,1
youtube,Gold Trader Alliance,p9DYQ-8_F7g,https://www.youtube.com/watch?v=p9DYQ-8_F7g,UgxlG7HpQXU39uOgn-V4AaABAg,Respect the discipline,2026-05-22T09:36:49Z,2026-10-01T13:19:42.738675+00:00,0,0,,b83426896a3051f7677aa21a2d829e1758a27fea16a177ae4a015dcf452258a8,,youtube-data-api-v3/commentThreads.list,,p9DYQ-8_F7g,The 1-Minute Scalping Strategy Most Traders Use WRONG I Forex trading Xauusd,Gold Trader Alliance,457,9
youtube,Gold Trader Alliance,p9DYQ-8_F7g,https://www.youtube.com/watch?v=p9DYQ-8_F7g,Ugza--k8q9yzKv28Jm14AaABAg,Very straightforward and interesting video of explaining what we’re looking at 💯🔥 Great job 👍,2026-05-22T09:29:40Z,2026-10-01T13:19:42.738675+00:00,0,1,,e7db5d5bbffeade76ac1f531bb1f71fb62aca75c101e00a9c00fb71a97c3f388,,youtube-data-api-v3/commentThreads.list,,p9DYQ-8_F7g,The 1-Minute Scalping Strategy Most Traders Use WRONG I Forex trading Xauusd,Gold Trader Alliance,457,9
youtube,Gold Trader Alliance,p9DYQ-8_F7g,https://www.youtube.com/watch?v=p9DYQ-8_F7g,Ugza--k8q9yzKv28Jm14AaABAg.AX6CiEG-OcwAX6Fw9uQYAT,So happy to hear you found it straightforward and interesting! Your feedback means a lot.,2026-05-22T09:57:47Z,2026-10-01T13:19:42.738675+00:00,0,0,,87eaaeb5ccafe07b989a4152bec3730aefea0c97e35f12f26589732881bbd799,Ugza--k8q9yzKv28Jm14AaABAg,youtube-data-api-v3/commentThreads.list,,p9DYQ-8_F7g,The 1-Minute Scalping Strategy Most Traders Use WRONG I Forex trading Xauusd,Gold Trader Alliance,457,9
youtube,Gold Trader Alliance,p9DYQ-8_F7g,https://www.youtube.com/watch?v=p9DYQ-8_F7g,UgzNSpAyV74HrKmN6tp4AaABAg,This is the best advice I didn't wanna hear but I needed to hear. Thanks,2026-05-22T09:28:42Z,2026-10-01T13:19:42.738675+00:00,0,1,,f05fc9c486982ff6f6fe915862bb48595b08e073260972a65e1be357ca36621e,,youtube-data-api-v3/commentThreads.list,,p9DYQ-8_F7g,The 1-Minute Scalping Strategy Most Traders Use WRONG I Forex trading Xauusd,Gold Trader Alliance,457,9
youtube,Gold Trader Alliance,p9DYQ-8_F7g,https://www.youtube.com/watch?v=p9DYQ-8_F7g,UgzNSpAyV74HrKmN6tp4AaABAg.AX6Cb9k_x7DAX6FyEzQGdy,I really appreciate that feedback! It means a lot to know my advice is hitting home and being helpful.,2026-05-22T09:58:04Z,2026-10-01T13:19:42.738675+00:00,0,0,,87eaaeb5ccafe07b989a4152bec3730aefea0c97e35f12f26589732881bbd799,UgzNSpAyV74HrKmN6tp4AaABAg,youtube-data-api-v3/commentThreads.list,,p9DYQ-8_F7g,The 1-Minute Scalping Strategy Most Traders Use WRONG I Forex trading Xauusd,Gold Trader Alliance,457,9
youtube,Gold Trader Alliance,p9DYQ-8_F7g,https://www.youtube.com/watch?v=p9DYQ-8_F7g,UgwiD0oz2vH9Lc-Rgjt4AaABAg,Your are good sir💯,2026-05-26T05:50:37Z,2026-10-01T13:19:42.738675+00:00,0,1,,6ee58fb0817b5a3f0f35be13b2e5d3e17aa4853a57fa24c15cd3c88f7f3eacef,,youtube-data-api-v3/commentThreads.list,,p9DYQ-8_F7g,The 1-Minute Scalping Strategy Most Traders Use WRONG I Forex trading Xauusd,Gold Trader Alliance,457,9
youtube,Gold Trader Alliance,p9DYQ-8_F7g,https://www.youtube.com/watch?v=p9DYQ-8_F7g,UgwiD0oz2vH9Lc-Rgjt4AaABAg.AXG6pQQJXZGAXGT5VCZORm,thanks bro,2026-05-26T09:05:11Z,2026-10-01T13:19:42.738675+00:00,1,0,,87eaaeb5ccafe07b989a4152bec3730aefea0c97e35f12f26589732881bbd799,UgwiD0oz2vH9Lc-Rgjt4AaABAg,youtube-data-api-v3/commentThreads.list,,p9DYQ-8_F7g,The 1-Minute Scalping Strategy Most Traders Use WRONG I Forex trading Xauusd,Gold Trader Alliance,457,9
youtube,Gold Trader Alliance,3qQ5G_DCLdc,https://www.youtube.com/watch?v=3qQ5G_DCLdc,UgyFuwXaMof9PBQyszl4AaABAg,https://t.me/+iYCx-h2fj-s1YjFl,2026-05-12T04:24:53Z,2026-10-01T13:19:43.274873+00:00,0,0,,87eaaeb5ccafe07b989a4152bec3730aefea0c97e35f12f26589732881bbd799,,youtube-data-api-v3/commentThreads.list,,3qQ5G_DCLdc,Four Price Action Secrets (The Ultimate Guide To Price Action) I Forex trading Xauusd,Gold Trader Alliance,169,1
youtube,Gold Trader Alliance,4dm-6MhQ5_c,https://www.youtube.com/watch?v=4dm-6MhQ5_c,Ugw-mphR3A6viyasWhZ4AaABAg,https://t.me/+iYCx-h2fj-s1YjFl,2026-04-23T07:49:50Z,2026-10-01T13:19:43.880434+00:00,0,0,,87eaaeb5ccafe07b989a4152bec3730aefea0c97e35f12f26589732881bbd799,,youtube-data-api-v3/commentThreads.list,,4dm-6MhQ5_c,How to Enter a Trade the RIGHT Way (Entry Confirmations) I Forex Trading Xauusd,Gold Trader Alliance,658,5
youtube,Gold Trader Alliance,4dm-6MhQ5_c,https://www.youtube.com/watch?v=4dm-6MhQ5_c,UgyKhGA98lUQWA7nPx14AaABAg,"I've clicked subscribe, the content is useful",2026-04-23T07:53:07Z,2026-10-01T13:19:43.880434+00:00,0,1,,ba098c567cc2b02b9fcd3bb6d75ac807687ff913818e4e2efe224401c191bf89,,youtube-data-api-v3/commentThreads.list,,4dm-6MhQ5_c,How to Enter a Trade the RIGHT Way (Entry Confirmations) I Forex Trading Xauusd,Gold Trader Alliance,658,5
youtube,Gold Trader Alliance,4dm-6MhQ5_c,https://www.youtube.com/watch?v=4dm-6MhQ5_c,UgyKhGA98lUQWA7nPx14AaABAg.AVwMbhF5gfvAVwMzh4RRGt,"If you have any questions, feel free to contact me 😎",2026-04-23T07:56:23Z,2026-10-01T13:19:43.880434+00:00,0,0,,87eaaeb5ccafe07b989a4152bec3730aefea0c97e35f12f26589732881bbd799,UgyKhGA98lUQWA7nPx14AaABAg,youtube-data-api-v3/commentThreads.list,,4dm-6MhQ5_c,How to Enter a Trade the RIGHT Way (Entry Confirmations) I Forex Trading Xauusd,Gold Trader Alliance,658,5
youtube,Gold Trader Alliance,4dm-6MhQ5_c,https://www.youtube.com/watch?v=4dm-6MhQ5_c,Ugyg-JxXnV6G36UMygx4AaABAg,nicde video,2026-04-23T07:48:57Z,2026-10-01T13:19:43.880434+00:00,0,1,,e7db5d5bbffeade76ac1f531bb1f71fb62aca75c101e00a9c00fb71a97c3f388,,youtube-data-api-v3/commentThreads.list,,4dm-6MhQ5_c,How to Enter a Trade the RIGHT Way (Entry Confirmations) I Forex Trading Xauusd,Gold Trader Alliance,658,5
youtube,Gold Trader Alliance,4dm-6MhQ5_c,https://www.youtube.com/watch?v=4dm-6MhQ5_c,Ugyg-JxXnV6G36UMygx4AaABAg.AVwM8ArQixHAVwMUW7qDmM,"thanks bro, Subscribe to discover more new videos!",2026-04-23T07:52:00Z,2026-10-01T13:19:43.880434+00:00,0,0,,87eaaeb5ccafe07b989a4152bec3730aefea0c97e35f12f26589732881bbd799,Ugyg-JxXnV6G36UMygx4AaABAg,youtube-data-api-v3/commentThreads.list,,4dm-6MhQ5_c,How to Enter a Trade the RIGHT Way (Entry Confirmations) I Forex Trading Xauusd,Gold Trader Alliance,658,5
youtube,Gold Trader Alliance,yZuXzg9MHfI,https://www.youtube.com/watch?v=yZuXzg9MHfI,Ugxor57o_zKJn4ETcy94AaABAg,I can't trust you now.,2026-03-03T12:58:00Z,2026-10-01T13:19:44.435928+00:00,0,1,,ee0b027a6324fc8558a202193168ba0b4b58b6d16372112f768c1a1470c673ef,,youtube-data-api-v3/commentThreads.list,,yZuXzg9MHfI,How to Identify a Liquidity Sweep and Retail Trade Part 2,Gold Trader Alliance,248,2
youtube,Gold Trader Alliance,yZuXzg9MHfI,https://www.youtube.com/watch?v=yZuXzg9MHfI,Ugxor57o_zKJn4ETcy94AaABAg.ATt_y9D4KhlATuz9GqZGhL,"If you have any questions, please feel free to contact me",2026-03-04T01:57:21Z,2026-10-01T13:19:44.435928+00:00,0,0,,87eaaeb5ccafe07b989a4152bec3730aefea0c97e35f12f26589732881bbd799,Ugxor57o_zKJn4ETcy94AaABAg,youtube-data-api-v3/commentThreads.list,,yZuXzg9MHfI,How to Identify a Liquidity Sweep and Retail Trade Part 2,Gold Trader Alliance,248,2
youtube,Gold Trader Alliance,4e1duYMKJhc,https://www.youtube.com/watch?v=4e1duYMKJhc,UgwZUEqWKISvUKMnSrp4AaABAg,Thank you for your efforts.❤,2026-02-25T13:42:18Z,2026-10-01T13:19:45.196960+00:00,0,1,,dc86f819832f2ea9cc461632d53adf603a616e98c82dacee39d6de531ecc9004,,youtube-data-api-v3/commentThreads.list,,4e1duYMKJhc,Multi-Timeframe Analysis When Chart Patterns Meet Trendlines,Gold Trader Alliance,373,7
youtube,Gold Trader Alliance,4e1duYMKJhc,https://www.youtube.com/watch?v=4e1duYMKJhc,UgwZUEqWKISvUKMnSrp4AaABAg.ATeDGNH5P59ATi5e4Ja6pE,Don't forget to subscribe to my YouTube channel!,2026-02-27T01:52:44Z,2026-10-01T13:19:45.196960+00:00,0,0,,87eaaeb5ccafe07b989a4152bec3730aefea0c97e35f12f26589732881bbd799,UgwZUEqWKISvUKMnSrp4AaABAg,youtube-data-api-v3/commentThreads.list,,4e1duYMKJhc,Multi-Timeframe Analysis When Chart Patterns Meet Trendlines,Gold Trader Alliance,373,7
youtube,Gold Trader Alliance,4e1duYMKJhc,https://www.youtube.com/watch?v=4e1duYMKJhc,UgzZbU92DdUSEKU-wMV4AaABAg,Thank you brother!,2026-03-04T00:23:27Z,2026-10-01T13:19:45.196960+00:00,0,1,,18b944e1db6a33a5513ba9028b564415b5cbeb836f27b0a326a4c12e535fd35c,,youtube-data-api-v3/commentThreads.list,,4e1duYMKJhc,Multi-Timeframe Analysis When Chart Patterns Meet Trendlines,Gold Trader Alliance,373,7
youtube,Gold Trader Alliance,4e1duYMKJhc,https://www.youtube.com/watch?v=4e1duYMKJhc,UgzZbU92DdUSEKU-wMV4AaABAg.ATuoPVNL-28ATuz3kEWNdV,Don't forget to subscribe to our YouTube channel to stay updated!,2026-03-04T01:56:36Z,2026-10-01T13:19:45.196960+00:00,0,0,,87eaaeb5ccafe07b989a4152bec3730aefea0c97e35f12f26589732881bbd799,UgzZbU92DdUSEKU-wMV4AaABAg,youtube-data-api-v3/commentThreads.list,,4e1duYMKJhc,Multi-Timeframe Analysis When Chart Patterns Meet Trendlines,Gold Trader Alliance,373,7
youtube,Gold Trader Alliance,4e1duYMKJhc,https://www.youtube.com/watch?v=4e1duYMKJhc,UgwtwUw0Zf8UMSK8N654AaABAg,"If you don't leave us alone, we will be silent.",2026-02-26T02:22:51Z,2026-10-01T13:19:45.196960+00:00,0,2,,ee0b027a6324fc8558a202193168ba0b4b58b6d16372112f768c1a1470c673ef,,youtube-data-api-v3/commentThreads.list,,4e1duYMKJhc,Multi-Timeframe Analysis When Chart Patterns Meet Trendlines,Gold Trader Alliance,373,7
youtube,Gold Trader Alliance,4e1duYMKJhc,https://www.youtube.com/watch?v=4e1duYMKJhc,UgwtwUw0Zf8UMSK8N654AaABAg.ATf_ImFGnJlATi5lWaPMoM,Do you need any assistance?,2026-02-27T01:53:45Z,2026-10-01T13:19:45.196960+00:00,0,0,,87eaaeb5ccafe07b989a4152bec3730aefea0c97e35f12f26589732881bbd799,UgwtwUw0Zf8UMSK8N654AaABAg,youtube-data-api-v3/commentThreads.list,,4e1duYMKJhc,Multi-Timeframe Analysis When Chart Patterns Meet Trendlines,Gold Trader Alliance,373,7
youtube,Gold Trader Alliance,4e1duYMKJhc,https://www.youtube.com/watch?v=4e1duYMKJhc,UgwtwUw0Zf8UMSK8N654AaABAg.ATf_ImFGnJlATpmsD4MPPs,​@GoldTraderAllianceI have made a lot of losses. I have lost money because of your 2 signals. Can you help me?,2026-03-02T01:33:50Z,2026-10-01T13:19:45.196960+00:00,0,0,,ee0b027a6324fc8558a202193168ba0b4b58b6d16372112f768c1a1470c673ef,UgwtwUw0Zf8UMSK8N654AaABAg,youtube-data-api-v3/commentThreads.list,,4e1duYMKJhc,Multi-Timeframe Analysis When Chart Patterns Meet Trendlines,Gold Trader Alliance,373,7
youtube,Gold Trader Alliance,_lt1prpCOeI,https://www.youtube.com/watch?v=_lt1prpCOeI,UgxP9Y9DaFjYm3-9KGl4AaABAg,Это когда?,2026-01-29T23:57:39Z,2026-10-01T13:19:45.878157+00:00,0,1,,b06fede939e6cc32a60492d3168fef06f0433ac703883b72dcadcded9db7fbc1,,youtube-data-api-v3/commentThreads.list,,_lt1prpCOeI,Mastering the Downtrend Breakout & Retest Strategy,Gold Trader Alliance,975,4
youtube,Gold Trader Alliance,_lt1prpCOeI,https://www.youtube.com/watch?v=_lt1prpCOeI,UgxP9Y9DaFjYm3-9KGl4AaABAg.AS_nDbhvp2UASkJN_7ie5N,Subscribe to the channel to follow more useful information!,2026-02-03T01:59:46Z,2026-10-01T13:19:45.878157+00:00,0,0,,87eaaeb5ccafe07b989a4152bec3730aefea0c97e35f12f26589732881bbd799,UgxP9Y9DaFjYm3-9KGl4AaABAg,youtube-data-api-v3/commentThreads.list,,_lt1prpCOeI,Mastering the Downtrend Breakout & Retest Strategy,Gold Trader Alliance,975,4
youtube,Gold Trader Alliance,pFYFLVlZqRg,https://www.youtube.com/watch?v=pFYFLVlZqRg,UgxMQsvUYGu0Na_XM4t4AaABAg,Does this apply on every timeframe,2026-01-20T18:07:47Z,2026-10-01T13:19:46.548027+00:00,0,0,,90c0d1189bb2e33ff71e3e476132e92bae268900c0d833442eccba64a332c19e,,youtube-data-api-v3/commentThreads.list,,pFYFLVlZqRg,Candlestick Entry Strategy for Forex,Gold Trader Alliance,927,1
