short_id,source_type,source_id,title,hook,script,visual_notes,cta_type,telegram_keyword,offer_stage,target_audience,content_pillar,status,owner,due_date,published_at,published_url,views_24h,comments_24h,likes_24h,telegram_leads,subs_proxy,review_status,lesson_learned,source_file,sync_hash,notes
S-RC-API-001,Remake Candidate,RC-API-001,XAUUSD live checklist before entry,"Before you follow a live XAUUSD setup, check these boxes","Before you follow a live XAUUSD setup, check these boxes
1. Source topic: LIVE TRADING XAUUSD - FOREX DAY 3/8/2026 - GOLD TRADER ALLIANCE.
2. Mark bias, liquidity, entry trigger, invalidation, and risk before entry.
3. If one box is missing, skip the trade and wait for confirmation.
CTA: comment CHECKLIST to get the educational XAUUSD prep list on Telegram.","Screen-record chart replay; show checklist overlay: bias, liquidity, trigger, invalidation, risk. End with Telegram keyword card.",comment_keyword,CHECKLIST,Lead Capture,XAUUSD beginner or losing trader,Live Proof,Backlog,Content Bridge Agent,,,,0,0,0,0,0,Needs human review,,gta_search.json,266350334c4f,Draft educational content only; no profit promise; human approval required
S-RC-API-002,Remake Candidate,RC-API-002,XAUUSD live checklist before entry,"Before you follow a live XAUUSD setup, check these boxes","Before you follow a live XAUUSD setup, check these boxes
1. Source topic: LIVE TRADING XAUUSD - FOREX DAY 30/7/2026 - GOLD TRADER ALLIANCE.
2. Mark bias, liquidity, entry trigger, invalidation, and risk before entry.
3. If one box is missing, skip the trade and wait for confirmation.
CTA: comment CHECKLIST to get the educational XAUUSD prep list on Telegram.","Screen-record chart replay; show checklist overlay: bias, liquidity, trigger, invalidation, risk. End with Telegram keyword card.",comment_keyword,CHECKLIST,Lead Capture,XAUUSD beginner or losing trader,Live Proof,Backlog,Content Bridge Agent,,,,0,0,0,0,0,Needs human review,,gta_search.json,c22cbace05c1,Draft educational content only; no profit promise; human approval required
S-RC-API-003,Remake Candidate,RC-API-003,XAUUSD live checklist before entry,"Before you follow a live XAUUSD setup, check these boxes","Before you follow a live XAUUSD setup, check these boxes
1. Source topic: LIVE TRADING XAUUSD - FOREX DAY 27/7/2026 - GOLD TRADER ALLIANCE.
2. Mark bias, liquidity, entry trigger, invalidation, and risk before entry.
3. If one box is missing, skip the trade and wait for confirmation.
CTA: comment CHECKLIST to get the educational XAUUSD prep list on Telegram.","Screen-record chart replay; show checklist overlay: bias, liquidity, trigger, invalidation, risk. End with Telegram keyword card.",comment_keyword,CHECKLIST,Lead Capture,XAUUSD beginner or losing trader,Live Proof,Backlog,Content Bridge Agent,,,,0,0,0,0,0,Needs human review,,gta_search.json,049fe8541f6c,Draft educational content only; no profit promise; human approval required
S-RC-API-004,Remake Candidate,RC-API-004,XAUUSD live checklist before entry,"Before you follow a live XAUUSD setup, check these boxes","Before you follow a live XAUUSD setup, check these boxes
1. Source topic: LIVE TRADING XAUUSD - FOREX DAY 28/9/2026 - GOLD TRADER ALLIANCE.
2. Mark bias, liquidity, entry trigger, invalidation, and risk before entry.
3. If one box is missing, skip the trade and wait for confirmation.
CTA: comment CHECKLIST to get the educational XAUUSD prep list on Telegram.","Screen-record chart replay; show checklist overlay: bias, liquidity, trigger, invalidation, risk. End with Telegram keyword card.",comment_keyword,CHECKLIST,Lead Capture,XAUUSD beginner or losing trader,Live Proof,Backlog,Content Bridge Agent,,,,0,0,0,0,0,Needs human review,,gta_search.json,9f70dccc20f6,Draft educational content only; no profit promise; human approval required
S-RC-API-005,Remake Candidate,RC-API-005,XAUUSD live checklist before entry,"Before you follow a live XAUUSD setup, check these boxes","Before you follow a live XAUUSD setup, check these boxes
1. Source topic: LIVE TRADING XAUUSD - FOREX DAY 7/9/2026 - GOLD TRADER ALLIANCE.
2. Mark bias, liquidity, entry trigger, invalidation, and risk before entry.
3. If one box is missing, skip the trade and wait for confirmation.
CTA: comment CHECKLIST to get the educational XAUUSD prep list on Telegram.","Screen-record chart replay; show checklist overlay: bias, liquidity, trigger, invalidation, risk. End with Telegram keyword card.",comment_keyword,CHECKLIST,Lead Capture,XAUUSD beginner or losing trader,Live Proof,Backlog,Content Bridge Agent,,,,0,0,0,0,0,Needs human review,,gta_search.json,deea4e654b95,Draft educational content only; no profit promise; human approval required
S-RC-API-006,Remake Candidate,RC-API-006,XAUUSD live checklist before entry,"Before you follow a live XAUUSD setup, check these boxes","Before you follow a live XAUUSD setup, check these boxes
1. Source topic: LIVE TRADING XAUUSD - FOREX DAY 8/7/2026 - GOLD TRADER ALLIANCE.
2. Mark bias, liquidity, entry trigger, invalidation, and risk before entry.
3. If one box is missing, skip the trade and wait for confirmation.
CTA: comment CHECKLIST to get the educational XAUUSD prep list on Telegram.","Screen-record chart replay; show checklist overlay: bias, liquidity, trigger, invalidation, risk. End with Telegram keyword card.",comment_keyword,CHECKLIST,Lead Capture,XAUUSD beginner or losing trader,Live Proof,Backlog,Content Bridge Agent,,,,0,0,0,0,0,Needs human review,,gta_search.json,d766c9dcd869,Draft educational content only; no profit promise; human approval required
S-RC-API-007,Remake Candidate,RC-API-007,XAUUSD live checklist before entry,"Before you follow a live XAUUSD setup, check these boxes","Before you follow a live XAUUSD setup, check these boxes
1. Source topic: LIVE TRADING XAUUSD - FOREX DAY 4/6/2026 - GOLD TRADER ALLIANCE.
2. Mark bias, liquidity, entry trigger, invalidation, and risk before entry.
3. If one box is missing, skip the trade and wait for confirmation.
CTA: comment CHECKLIST to get the educational XAUUSD prep list on Telegram.","Screen-record chart replay; show checklist overlay: bias, liquidity, trigger, invalidation, risk. End with Telegram keyword card.",comment_keyword,CHECKLIST,Lead Capture,XAUUSD beginner or losing trader,Live Proof,Backlog,Content Bridge Agent,,,,0,0,0,0,0,Needs human review,,gta_search.json,28ef5f699097,Draft educational content only; no profit promise; human approval required
S-RC-API-008,Remake Candidate,RC-API-008,XAUUSD live checklist before entry,"Before you follow a live XAUUSD setup, check these boxes","Before you follow a live XAUUSD setup, check these boxes
1. Source topic: LIVE TRADING XAUUSD - FOREX DAY 29/5/2026 - GOLD TRADER ALLIANCE.
2. Mark bias, liquidity, entry trigger, invalidation, and risk before entry.
3. If one box is missing, skip the trade and wait for confirmation.
CTA: comment CHECKLIST to get the educational XAUUSD prep list on Telegram.","Screen-record chart replay; show checklist overlay: bias, liquidity, trigger, invalidation, risk. End with Telegram keyword card.",comment_keyword,CHECKLIST,Lead Capture,XAUUSD beginner or losing trader,Live Proof,Backlog,Content Bridge Agent,,,,0,0,0,0,0,Needs human review,,gta_search.json,be5b8c40439f,Draft educational content only; no profit promise; human approval required
S-RC-API-009,Remake Candidate,RC-API-009,XAUUSD live checklist before entry,"Before you follow a live XAUUSD setup, check these boxes","Before you follow a live XAUUSD setup, check these boxes
1. Source topic: LIVE TRADING XAUUSD - FOREX DAY 16/9/2026 - GOLD TRADER ALLIANCE.
2. Mark bias, liquidity, entry trigger, invalidation, and risk before entry.
3. If one box is missing, skip the trade and wait for confirmation.
CTA: comment CHECKLIST to get the educational XAUUSD prep list on Telegram.","Screen-record chart replay; show checklist overlay: bias, liquidity, trigger, invalidation, risk. End with Telegram keyword card.",comment_keyword,CHECKLIST,Lead Capture,XAUUSD beginner or losing trader,Live Proof,Backlog,Content Bridge Agent,,,,0,0,0,0,0,Needs human review,,gta_search.json,9d23fd2fad99,Draft educational content only; no profit promise; human approval required
S-RC-API-010,Remake Candidate,RC-API-010,XAUUSD live checklist before entry,"Before you follow a live XAUUSD setup, check these boxes","Before you follow a live XAUUSD setup, check these boxes
1. Source topic: LIVE TRADING XAUUSD - FOREX DAY 8/9/2026 - GOLD TRADER ALLIANCE #cpi.
2. Mark bias, liquidity, entry trigger, invalidation, and risk before entry.
3. If one box is missing, skip the trade and wait for confirmation.
CTA: comment CHECKLIST to get the educational XAUUSD prep list on Telegram.","Screen-record chart replay; show checklist overlay: bias, liquidity, trigger, invalidation, risk. End with Telegram keyword card.",comment_keyword,CHECKLIST,Lead Capture,XAUUSD beginner or losing trader,Live Proof,Backlog,Content Bridge Agent,,,,0,0,0,0,0,Needs human review,,gta_search.json,84f89d1abc06,Draft educational content only; no profit promise; human approval required
