video_id,title,channel,channel_id,url,published,views,likes,comments,duration,duration_sec,description
g3oDYq4P9ZE,ICT Daily Bias - The Only Video You Will Ever Need!,TTrades,UCQwUEVakiYDmNGe7UBza4sQ,https://www.youtube.com/watch?v=g3oDYq4P9ZE,2023-08-01T15:00:27Z,1632660,55586,3025,PT18M30S,1110,All Links : https://ttrades.com/ Access to my course and mentorship! https://mentorship.ttrades.com/ Get access to my custom ...
0xygpCMwxbQ,A+ ICT Entry Checklist - ICT Concepts,TTrades,UCQwUEVakiYDmNGe7UBza4sQ,https://www.youtube.com/watch?v=0xygpCMwxbQ,2023-05-29T14:00:01Z,1125530,32855,931,PT10M59S,659,All Links : https://ttrades.com/ Access to my course and mentorship! https://mentorship.ttrades.com/ Get access to my custom ...
U8xH2dEgH5A,Liquidity: Buyside &amp; Sellside - ICT Concepts,TTrades,UCQwUEVakiYDmNGe7UBza4sQ,https://www.youtube.com/watch?v=U8xH2dEgH5A,2023-06-28T14:00:16Z,904417,25834,738,PT9M55S,595,All Links : https://ttrades.com/ Access to my course and mentorship! https://mentorship.ttrades.com/ Get access to my custom ...
o0v4KQxZbpU,ICT Silver Bullet Strategy - No Daily Bias | With Backtest!,TTrades,UCQwUEVakiYDmNGe7UBza4sQ,https://www.youtube.com/watch?v=o0v4KQxZbpU,2023-08-22T15:00:07Z,883166,24956,2228,PT29M8S,1748,All Links : https://ttrades.com/ Access to my course and mentorship! https://mentorship.ttrades.com/ Get access to my custom ...
Y8DkNYhq0X0,Orderblocks Simplified - ICT Concepts,TTrades,UCQwUEVakiYDmNGe7UBza4sQ,https://www.youtube.com/watch?v=Y8DkNYhq0X0,2023-01-26T02:09:00Z,787084,21560,915,PT8M21S,501,All Links : https://ttrades.com/ Access to my course and mentorship! https://mentorship.ttrades.com/ Get access to my custom ...
MPeeE55rNOw,ICT Killzones &amp; Indicator Settings,TTrades,UCQwUEVakiYDmNGe7UBza4sQ,https://www.youtube.com/watch?v=MPeeE55rNOw,2023-10-10T15:00:10Z,660171,14515,495,PT13M47S,827,All Links : https://ttrades.com/ Access to my course and mentorship! https://mentorship.ttrades.com/ Get access to my custom ...
CHIK5oBRKiw,Change In State Of Delivery [CISD] - Orderblock Formation - ICT Concepts,TTrades,UCQwUEVakiYDmNGe7UBza4sQ,https://www.youtube.com/watch?v=CHIK5oBRKiw,2023-11-21T16:00:06Z,648054,23258,848,PT15M44S,944,All Links : https://ttrades.com/ Access to my course and mentorship! https://mentorship.ttrades.com/ Get access to my custom ...
TCFvsZeYvV8,ICT Power Of 3 - AMD,TTrades,UCQwUEVakiYDmNGe7UBza4sQ,https://www.youtube.com/watch?v=TCFvsZeYvV8,2023-10-31T15:00:08Z,647079,20972,879,PT16M24S,984,All Links : https://ttrades.com/ Access to my course and mentorship! https://mentorship.ttrades.com/ Get access to my custom ...
ZVUDpCyvxfQ,Understanding Fair Value Gaps (FVG) - ICT Concepts,TTrades,UCQwUEVakiYDmNGe7UBza4sQ,https://www.youtube.com/watch?v=ZVUDpCyvxfQ,2023-05-19T14:00:31Z,620957,22745,740,PT9M56S,596,All Links : https://ttrades.com/ Access to my course and mentorship! https://mentorship.ttrades.com/ Get access to my custom ...
DMUiDBnTYc8,Order Blocks Simplified - ICT Concepts,TTrades,UCQwUEVakiYDmNGe7UBza4sQ,https://www.youtube.com/watch?v=DMUiDBnTYc8,2023-12-26T16:00:06Z,544463,17442,678,PT14M58S,898,All Links : https://ttrades.com/ Access to my course and mentorship! https://mentorship.ttrades.com/ Get access to my custom ...
3OivsP1j_UE,Internal &amp; External Liquidity (Daily Bias) - ICT Concepts,TTrades,UCQwUEVakiYDmNGe7UBza4sQ,https://www.youtube.com/watch?v=3OivsP1j_UE,2023-11-28T16:00:07Z,484206,20033,805,PT12M16S,736,All Links : https://ttrades.com/ Access to my course and mentorship! https://mentorship.ttrades.com/ Lens Path Live Mentorship ...
1YRs4Z1lMws,Optimal Trade Entry (OTE) - ICT Concepts,TTrades,UCQwUEVakiYDmNGe7UBza4sQ,https://www.youtube.com/watch?v=1YRs4Z1lMws,2023-09-12T15:00:07Z,479083,13828,399,PT12M45S,765,All Links : https://ttrades.com/ Access to my course and mentorship! https://mentorship.ttrades.com/ Get access to my custom ...
JXHrTloZ-nE,"Trading Isn&#39;t Hard, It&#39;s Just Basic Math (Why 90% Of Traders Fail)",Raghee Horner,UC8YRFsqXIjtDIpfpfqyC0hg,https://www.youtube.com/watch?v=JXHrTloZ-nE,2026-09-04T17:00:33Z,591768,8339,901,PT20M21S,1221,"Stop chasing high win rates, they are a trap. In this video, we break down why retail traders fail while focusing on the wrong ..."
v97Efp_UDC0,The One &quot;Box Theory&quot; That Beats 95% of Complex Strategies,Raghee Horner,UC8YRFsqXIjtDIpfpfqyC0hg,https://www.youtube.com/watch?v=v97Efp_UDC0,2026-02-25T13:01:58Z,325226,7210,720,PT23M4S,1384,"Most traders overcomplicate their charts with dozens of indicators, but this simple box theory approach can outperform the majority ..."
96kZw9oR4QU,Trading Desk Setup Tour: Functional not Fancy.,Raghee Horner,UC8YRFsqXIjtDIpfpfqyC0hg,https://www.youtube.com/watch?v=96kZw9oR4QU,2020-03-08T16:22:36Z,171766,2347,143,PT10M14S,614,After 30 years I've worked on a minimal desk to not-so-minimal desks and lots in between. Here's my current trading desk as well ...
T06ayy3-zs8,Why Most Traders Fail The ORB Trading Strategy (And How To Fix It),Raghee Horner,UC8YRFsqXIjtDIpfpfqyC0hg,https://www.youtube.com/watch?v=T06ayy3-zs8,2026-07-02T18:37:05Z,122158,4547,675,PT17M9S,1029,Are you consistently losing money with Opening Range Breakout (ORB) strategies? You aren't alone. Thousands of traders ...
pORrgC7GjkM,my trading secrets (works for newbies),Raghee Horner,UC8YRFsqXIjtDIpfpfqyC0hg,https://www.youtube.com/watch?v=pORrgC7GjkM,2025-11-10T12:01:44Z,73512,3339,194,PT9M36S,576,"Everyone wants to know the real trading secrets that actually work, especially when you're just starting out. In this video, I'm ..."
g0BPjHd4OP8,My trading Stategy Is Boring... But It Made Me 28% In A Month,Raghee Horner,UC8YRFsqXIjtDIpfpfqyC0hg,https://www.youtube.com/watch?v=g0BPjHd4OP8,2026-04-10T23:45:02Z,71555,3914,420,PT8M39S,519,"My trading strategy is boring… but it made me 28% in a month, and in this video I break down exactly how this trading strategy ..."
gQGf9vmVvl8,Futures Trading Fully Explained (Beginner To Expert Guide),Raghee Horner,UC8YRFsqXIjtDIpfpfqyC0hg,https://www.youtube.com/watch?v=gQGf9vmVvl8,2026-09-11T20:30:26Z,57675,1542,394,PT24M4S,1444,If you are struggling to grow a small trading account in the stock market because of strict capital requirements and pattern day ...
AdcsmnouSvM,"Trading was IMPOSSIBLE, until I discovered this one thing...",Raghee Horner,UC8YRFsqXIjtDIpfpfqyC0hg,https://www.youtube.com/watch?v=AdcsmnouSvM,2025-11-13T12:00:19Z,56487,3696,249,PT9M28S,568,"Trading used to feel impossible for me, losses, frustration, and zero consistency. But everything changed once I discovered this ..."
P0JOu0er8nQ,The MOST POWERFUL Day Trading Indicator (Stop Guessing),Raghee Horner,UC8YRFsqXIjtDIpfpfqyC0hg,https://www.youtube.com/watch?v=P0JOu0er8nQ,2026-07-24T15:15:08Z,52020,1754,336,PT19M6S,1146,Most retail traders blame the wrong thing when they blow up an account; discover the hidden map that institutions use to control ...
JH8XoFKN7iI,This EASY Liquidity Trap Strategy Made Me $500K+ (Sniper Entries Explained),Raghee Horner,UC8YRFsqXIjtDIpfpfqyC0hg,https://www.youtube.com/watch?v=JH8XoFKN7iI,2026-06-25T14:00:16Z,50047,1875,379,PT18M9S,1089,Stop being the liquidity and start hunting alongside the smart money. ✓ Ready to have success as a trader? Join Raghee on ...
I-dvzbCh_n4,What Is A Fair Value Gap In Trading? (Master Fair Value Gaps In 11 Minutes),Raghee Horner,UC8YRFsqXIjtDIpfpfqyC0hg,https://www.youtube.com/watch?v=I-dvzbCh_n4,2026-01-02T13:00:28Z,47622,2029,127,PT11M8S,668,"A fair value gap is one of the most misunderstood concepts in trading, yet it plays a major role in price movement. In this video, I ..."
TRJgr8s4Gac,The Only Technical Analysis Video You&#39;ll Ever Need (Beginner To Advanced),Raghee Horner,UC8YRFsqXIjtDIpfpfqyC0hg,https://www.youtube.com/watch?v=TRJgr8s4Gac,2026-08-20T15:47:02Z,31392,1257,285,PT26M49S,1609,"Most retail traders study technical analysis harder than anyone else, reading books, learning patterns, and putting in the hours, ..."
nkMzaQqpFbw,The 3 Step A+ Supply &amp; Demand Strategy (That Actually Works),Trade with Pat,UC04-HvUvHG4hpMnQx07ObYQ,https://www.youtube.com/watch?v=nkMzaQqpFbw,2025-10-11T13:01:38Z,557901,22565,1024,PT18M24S,1104,"Best VIP Trading Room https://t.me/TWPVIPBot In this episode, I will explain My 3 Step A+ Supply & Demand Strategy. Now ..."
TvWks6oJ-9U,3 Best Forex Robots for 2026 that ACTUALLY Work,Trade with Pat,UC04-HvUvHG4hpMnQx07ObYQ,https://www.youtube.com/watch?v=TvWks6oJ-9U,2025-02-26T13:48:31Z,485036,11944,1145,PT12M41S,761,"1 BOT https://bit.ly/furyBOT In this episode, I will explain the 3 Best Forex robots for 2026 that ACTUALLY work. 10 to 20% of ..."
G2THP1LGPB0,I Tested the BEST Free Forex Signals Telegram Groups in 2024,Trade with Pat,UC04-HvUvHG4hpMnQx07ObYQ,https://www.youtube.com/watch?v=G2THP1LGPB0,2023-05-09T13:00:22Z,421554,10585,589,PT12M33S,753,"Try my VIP ROOM! https://t.me/TWPVIPBot (free room below) In this video, I will discuss I Tested the BEST Free Forex Signals ..."
JL7HdUKRxfI,The Only Swing Trading Video Beginners will Ever Need! (Step by Step Guide),Trade with Pat,UC04-HvUvHG4hpMnQx07ObYQ,https://www.youtube.com/watch?v=JL7HdUKRxfI,2025-10-05T12:51:06Z,315933,10287,384,PT19M39S,1179,"Get my SWING Trades https://t.me/TWPVIPBot In this episode, I will explain my Swing Trading Strategy. So smash that like   ..."
c1fwIaOUZzI,How to Start Forex Trading as a BEGINNER in 2025 (Full Guide),Trade with Pat,UC04-HvUvHG4hpMnQx07ObYQ,https://www.youtube.com/watch?v=c1fwIaOUZzI,2025-01-04T14:21:49Z,272319,9364,496,PT13M44S,824,"NewYEAR DEALS for VIP TRADING: https://t.me/TWPVIPBot In this episode, I will explain How to Start Forex Trading as a ..."
SDXf_jrcvsE,Best Indicators to Use for DAY TRADING (2024),Trade with Pat,UC04-HvUvHG4hpMnQx07ObYQ,https://www.youtube.com/watch?v=SDXf_jrcvsE,2024-09-30T13:00:35Z,248316,6720,347,PT11M38S,698,"BEST Trading ROOM: https://t.me/TWPVIPBot In this episode, I will explain Best Indicators to use for DAY TRADING (2024)."
sclIAK3x2dw,The ONLY Liquidity Trading Strategy WORTH Learning (3 Steps),Trade with Pat,UC04-HvUvHG4hpMnQx07ObYQ,https://www.youtube.com/watch?v=sclIAK3x2dw,2026-03-16T12:09:14Z,193281,7659,316,PT8M15S,495,"BEST VIP https://t.me/TWPVIPBot In my opinion, this is the Only Liquidity Trading Strategy worth learning. Understanding ..."
R9yZSDpdCGE,The 1 Scalping Strategy I’ll Trade for the Rest of My Life (FULL GUIDE &amp; EXAMPLES),Trade with Pat,UC04-HvUvHG4hpMnQx07ObYQ,https://www.youtube.com/watch?v=R9yZSDpdCGE,2025-06-27T11:34:44Z,193280,6544,454,PT24M15S,1455,"1 VIP ROOM https://t.me/TWPVIPBot In this episode, I will explain the 1 Scalping Strategy I'll Trade for the Rest of My Life ..."
B_dVwXYQ-oc,My 1 Minute Scalping Strategy (Complete Course),Trade with Pat,UC04-HvUvHG4hpMnQx07ObYQ,https://www.youtube.com/watch?v=B_dVwXYQ-oc,2025-08-07T14:35:17Z,192415,5260,330,PT14M38S,878,"Pat's Trading ROOM (TWP) https://t.me/TWPVIPBot In this episode, I will explain My 1 Minute Scalping Strategy (Complete ..."
7Hu7Rl1VYgE,How to Day Trade for Beginners (12 Minute Guide),Trade with Pat,UC04-HvUvHG4hpMnQx07ObYQ,https://www.youtube.com/watch?v=7Hu7Rl1VYgE,2026-07-02T12:12:30Z,187768,5685,256,PT12M8S,728,Join 10000+ Traders in FREE Discord https://bit.ly/twpcord This is my 12-minute guide on How to Day Trade for Beginners.
hSldTDpCfcc,I used the #1 BEST Free Forex Robot (NEW!),Trade with Pat,UC04-HvUvHG4hpMnQx07ObYQ,https://www.youtube.com/watch?v=hSldTDpCfcc,2024-12-07T13:36:18Z,185164,4401,336,PT9M49S,589,"BEST Trading ROOM: https://t.me/TWPVIPBot In this episode, I will explain I used the #1 BEST Free Forex Robot with."
w8rfTNCer2A,Forex Trading For Beginners (Full Course in under 26 Minutes),Trade with Pat,UC04-HvUvHG4hpMnQx07ObYQ,https://www.youtube.com/watch?v=w8rfTNCer2A,2026-05-15T13:30:16Z,141017,3526,325,PT25M40S,1540,Join 10000+ Traders in FREE Discord https://bit.ly/twpcord This is my Forex Trading for Beginner Course in under 26 minutes.
990oOC-bHxA,Every Candlestick Tells a Story... Here&#39;s how to read them like a pro,JeaFx,UC1Jp-8YnEz3pjPkhCC555gA,https://www.youtube.com/watch?v=990oOC-bHxA,2025-03-13T09:02:31Z,2986736,88218,2885,PT27M58S,1678,Why You're Actually Losing at Trading: https://jeafx.com/class Master Trading Under My Guidance: https://jeafx.com/go --- Every ...
ygleB1CLhUE,Master Market Structure in 68 Minutes (Step-by-Step Course),JeaFx,UC1Jp-8YnEz3pjPkhCC555gA,https://www.youtube.com/watch?v=ygleB1CLhUE,2025-06-20T13:29:53Z,1737549,45327,1959,PT1H8M59S,4139,Why You're Actually Losing at Trading: https://jeafx.com/class Master Trading Under My Guidance: https://jeafx.com/go --- Master ...
JD_sWSjIiJE,Always Wait For THIS Before Entering Trades (Candlestick Closures),JeaFx,UC1Jp-8YnEz3pjPkhCC555gA,https://www.youtube.com/watch?v=JD_sWSjIiJE,2024-11-07T15:34:46Z,1696402,47385,1670,PT15M55S,955,Why You're Actually Losing at Trading: https://jeafx.com/class Master Trading Under My Guidance: https://jeafx.com/go --- Always ...
JhBX0TQ41H8,Liquidity + Structure = Profit,JeaFx,UC1Jp-8YnEz3pjPkhCC555gA,https://www.youtube.com/watch?v=JhBX0TQ41H8,2024-11-02T11:06:32Z,1625315,51127,1281,PT20M8S,1208,Why You're Actually Losing at Trading: https://jeafx.com/class Master Trading Under My Guidance: https://jeafx.com/go --- Liquidity ...
9nRFcetXqkA,Master Liquidity Sweeps &amp; Inducements (in 25 minutes),JeaFx,UC1Jp-8YnEz3pjPkhCC555gA,https://www.youtube.com/watch?v=9nRFcetXqkA,2025-06-14T09:49:42Z,1302387,33285,1052,PT25M12S,1512,Why You're Actually Losing at Trading: https://jeafx.com/class Master Trading Under My Guidance: https://jeafx.com/go --- Master ...
wIyZcY6kNuo,Forex Trading For Beginners (FULL COURSE),JeaFx,UC1Jp-8YnEz3pjPkhCC555gA,https://www.youtube.com/watch?v=wIyZcY6kNuo,2023-09-04T10:13:27Z,1233387,38867,2132,PT31M9S,1869,Why You're Actually Losing at Trading: https://jeafx.com/class Master Trading Under My Guidance: https://jeafx.com/go --- All the ...
m-G1ag77aVc,The PERFECT ENTRY Strategy That Will 10x Your Results...,JeaFx,UC1Jp-8YnEz3pjPkhCC555gA,https://www.youtube.com/watch?v=m-G1ag77aVc,2025-05-23T08:57:37Z,1102313,33056,1180,PT17M50S,1070,Why You're Actually Losing at Trading: https://jeafx.com/class Master Trading Under My Guidance: https://jeafx.com/go --- The ...
GKN-iVjJpyA,Ultimate Top Down Analysis Strategy (Step by Step),JeaFx,UC1Jp-8YnEz3pjPkhCC555gA,https://www.youtube.com/watch?v=GKN-iVjJpyA,2024-04-02T15:49:39Z,930401,26090,1197,PT29M49S,1789,Why You're Actually Losing at Trading: https://jeafx.com/class Master Trading Under My Guidance: https://jeafx.com/go --- Top ...
yaCM_cr5BXo,ULTIMATE Supply and Demand Masterclass (Beginner to Pro),JeaFx,UC1Jp-8YnEz3pjPkhCC555gA,https://www.youtube.com/watch?v=yaCM_cr5BXo,2025-06-27T08:03:58Z,892835,24966,1228,PT40M3S,2403,Why You're Actually Losing at Trading: https://jeafx.com/class Master Trading Under My Guidance: https://jeafx.com/go ...
LclxDYccla8,The ONLY Market Structure Lesson You&#39;ll EVER Need (Step by Step),JeaFx,UC1Jp-8YnEz3pjPkhCC555gA,https://www.youtube.com/watch?v=LclxDYccla8,2023-10-13T11:51:55Z,734476,19662,355,PT7M32S,452,Why You're Actually Losing at Trading: https://jeafx.com/class Master Trading Under My Guidance: https://jeafx.com/go --- Market ...
AIeBNqf8RBA,This Trading Tip Will Make You $$$ (Inducement),JeaFx,UC1Jp-8YnEz3pjPkhCC555gA,https://www.youtube.com/watch?v=AIeBNqf8RBA,2024-08-14T09:37:14Z,689527,24988,715,PT11M38S,698,Why You're Actually Losing at Trading: https://jeafx.com/class Master Trading Under My Guidance: https://jeafx.com/go --- This ...
91-eWDvL-No,The Ultimate Supply &amp; Demand Trading Course (Become a Pro),JeaFx,UC1Jp-8YnEz3pjPkhCC555gA,https://www.youtube.com/watch?v=91-eWDvL-No,2024-09-17T12:13:41Z,665404,23298,975,PT24M38S,1478,Why You're Actually Losing at Trading: https://jeafx.com/class Master Trading Under My Guidance: https://jeafx.com/go --- The ...
