score,categories,platform,comment_text,engagement_likes,reply_count,content_url,comment_id,source_actor,source_run_id
10.596,education_gap,youtube,"Don’t take this video like it’s going to grow your account. There is no holy grail.

You need patience, to understand how price action works 5% of the time, you’ll never know price action 100% of the time, never over leverage and you need balls of steel. Good luck",1669,46,https://www.youtube.com/watch?v=tS9o8aQjADY,UgzC866k6Mgm_xpRjb14AaABAg,youtube-data-api-v3/commentThreads.list,
9.991,entry_timing|education_gap,youtube,Okay? But how did you decide to enter on the pullback when it didn't even reach the area of demand the second time. Am I missing something here?,286,38,https://www.youtube.com/watch?v=tS9o8aQjADY,UgwXuK6CHjOBmINI11h4AaABAg,youtube-data-api-v3/commentThreads.list,
9.871,other_question_or_pain,youtube,"I'm 26 years old, lost my dad about half a year ago and I'm going to receive some sum soon. Would it be smart to grow my money in stocks for a few years  and then invest in rental properties afterwards, or should go more deep investing in forex?",679,8,https://www.youtube.com/watch?v=kis7l0y1JUg,UgyKhXw6vjm4DyGsHah4AaABAg,youtube-data-api-v3/commentThreads.list,
9.665,other_question_or_pain,youtube,"The market is very unstable and you can not tell If it's going bearish or bullish. I advise y'all to forget predictions and start making a good profit now because future valuations are all speculations and guesses.When these reports are bullish take some off to the side lines, when news gets bearish start buying. ""Keep it simple simple"" that bear/correction was the best thing that happened me. But all thanks to Hamish Grizzard, for his amazing skills for helping me to earn 14.6 Btc through trading chart. I believe we are in the spring phase...",627,6,https://www.youtube.com/watch?v=kis7l0y1JUg,UgxbhkVzSlY28HtN7yh4AaABAg,youtube-data-api-v3/commentThreads.list,
9.366,entry_timing,youtube,Liquidity sweep enters that chat 😂,811,16,https://www.youtube.com/watch?v=tS9o8aQjADY,UgxBCUagGJ8KxWq9--14AaABAg,youtube-data-api-v3/commentThreads.list,
8.523,education_gap,youtube,Well explained I appreciate 🙌 I can't wait to get started because people are really making a lot of money from it nowadays,105,24,https://www.youtube.com/watch?v=kis7l0y1JUg,UgzB5nULFrjYW-dZtKB4AaABAg,youtube-data-api-v3/commentThreads.list,
7.872,entry_timing|education_gap,youtube,"I entered trading with the hope of learning as I went, but while I thoroughly enjoyed the challenge, the harsh reality hit me hard. YouTube alone >>wasn't enough to provide comprehensive knowledge, and the constant ups and downs left me guessing. I lost more >>Than I won, but the experience taught me what I was missing.",168,11,https://www.youtube.com/watch?v=tS9o8aQjADY,Ugya8W-oTByQYDJ4AKV4AaABAg,youtube-data-api-v3/commentThreads.list,
7.592,psychology,youtube,"Surprisingly  people are trading without fear of making losses, while so many people out there are patiently waiting for BTC price to skyrocket",163,11,https://www.youtube.com/watch?v=kis7l0y1JUg,Ugz_pP9ZYiOAHqHhNQh4AaABAg,youtube-data-api-v3/commentThreads.list,
7.326,other_question_or_pain,youtube,"Getting into the market and trading sounded simple at first, but once I got in, the price swings and mixed information made everything more confusing. I’ve tested several strategies,_ yet the results are just not there. Seeing others move ahead while I struggle has been frustrating. Has anyone actually worked with someone who guides you step by step instead of recycled content? I need real guidance...",16,11,https://www.youtube.com/watch?v=tS9o8aQjADY,UgxjjB-vAt43_HB9O754AaABAg,youtube-data-api-v3/commentThreads.list,
6.982,strategy_rules,youtube,"pro tip: learn one tradeing strategy , focus , be consistent , be patient , diciplined , keep them all together and start tradeing.",137,4,https://www.youtube.com/watch?v=kis7l0y1JUg,UgyntZMzIESD2UtM5ut4AaABAg,youtube-data-api-v3/commentThreads.list,
6.937,education_gap,youtube,I've been trading independently for the past six months but have been <experiencing losses. Can anyone offer guidance on how to achieve profitability?,28,13,https://www.youtube.com/watch?v=4tFcM7NcefU,Ugxjxu83iKgTbErkUZJ4AaABAg,youtube-data-api-v3/commentThreads.list,
6.651,entry_timing|psychology,youtube,"In trading, possessing technical analysis skills is not sufficient on its own; discipline and emotional maturity play crucial roles in achieving success. Embracing the mindset of ""time in the market vs. timing the market"" proves valuable, especially during market fluctuations. I attribute my growing daily earnings to Smith Leo valuable insights and daily trade signals, coupled with my commitment to continuous learning. Kudos to the journey ahead!",60,7,https://www.youtube.com/watch?v=tS9o8aQjADY,UgyIvtNH0_bqLvD0XMR4AaABAg,youtube-data-api-v3/commentThreads.list,
6.488,education_gap,youtube,"I am so happy I followed my guts to invest in crypto, it has been an amazing journey with the help of Zane Omar trading platform, i'm able to monitor my accounts as it grows and also learn how to trade. He is a man of his words, Very transparent and dedicated towards making profits for his investors. He is well experienced and always willing to help. I just made another huge win today and purchasing a new car with the gains.",39,2,https://www.youtube.com/watch?v=kis7l0y1JUg,Ugzw1KHgbMaTuucKEZR4AaABAg,youtube-data-api-v3/commentThreads.list,
6.463,other_question_or_pain,youtube,I do recommend newbies to invest on Zane Omar platform as he is committed in giving the best trading experience with the aim of helping you attain financial freedom and also helping you create an additional stream of income. I have made a lot of profits using his platform and I highly recommend him.,38,2,https://www.youtube.com/watch?v=kis7l0y1JUg,UgzesY_erkn6o38Q9954AaABAg,youtube-data-api-v3/commentThreads.list,
6.207,psychology,youtube,"With the market constantly shifting, I find myself either selling too soon or holding on too long. I'm not looking for shortcuts, I just want to stay disciplined, make smarter decisions, and navigate the market with more confidence.",37,13,https://www.youtube.com/watch?v=IyrbbmKv3RE,UgwXvR7RRHmrpIFKEHN4AaABAg,youtube-data-api-v3/commentThreads.list,
6.086,entry_timing,youtube,"""Before we enter, we wanna see if the price respects our area of demand first""",125,0,https://www.youtube.com/watch?v=tS9o8aQjADY,UgxBCUagGJ8KxWq9--14AaABAg.AJ7_I_QrsLnAQUdYUU0vqz,youtube-data-api-v3/commentThreads.list,
5.966,risk_management,youtube,"The fact is that BTC symbolises the future of cryptocurrency, and traders are wondering if now is the best moment to trade, I feel you should examine the situation more closely before jumping to any conclusion. BTC's price has been fluctuating over the previous days, signaling that the market has become unstable and that is it impossible to anticipate whether it will go bearish or bullish. Others are patient, while others continue to trade with no risk. It all depends on the pattern you're trading and the source of your signal;",78,1,https://www.youtube.com/watch?v=kis7l0y1JUg,UgxGzqMYFD9WRgnnRoF4AaABAg,youtube-data-api-v3/commentThreads.list,
5.839,risk_management,youtube,"lol there is something called lower high and lower low for a reason, it keeps changing all time. No one knows the new high or the new bottom in the future. You can draw support and resistance , but if you trade based on that, you will lose because you don’t really know when resistance or support will break. 
Best way of making money if to surf and have strict stop loss and good TP and enough wind",43,4,https://www.youtube.com/watch?v=tS9o8aQjADY,UgyA8BGhlM-VfSwZLuJ4AaABAg,youtube-data-api-v3/commentThreads.list,
5.695,risk_management,youtube,"I started trading with $12,000. Learned you have to trade like a robot. Manage risk, etc.  I will work my way up. Learning  the tools etc. Making $19,000-$20,000 per trade for now on wins. Losses are very limited but happen.  I like thus trend line trading! It's so simple. Thanks for the video",21,14,https://www.youtube.com/watch?v=tS9o8aQjADY,UgxX4rUOyw7kYAFa0294AaABAg,youtube-data-api-v3/commentThreads.list,
5.43,education_gap,youtube,"Heyy bro, how about making videos with the live market, when to execute order and other stuffs.Glad it will help us alot. Thank you🤝🏻",16,1,https://www.youtube.com/watch?v=kis7l0y1JUg,UgzseOZTDEvjd-LGZWZ4AaABAg,youtube-data-api-v3/commentThreads.list,
5.139,risk_management|education_gap,youtube,just saw your false breakout video and backtested this on demo account i put my stop loss below resistance the price touched stoploss then made a swing high. how to avoid this problem. Even if my prediction is correct it goes wrong as it hits stoploss,6,3,https://www.youtube.com/watch?v=IyrbbmKv3RE,Ugz0R94CijWGbZ4SGC94AaABAg,youtube-data-api-v3/commentThreads.list,
4.872,education_gap,youtube,"I looking forward to invest the little money i have to gain profit from it, How do i start up.",9,13,https://www.youtube.com/watch?v=kis7l0y1JUg,Ugy3RlTrjoiVD1S6pdB4AaABAg,youtube-data-api-v3/commentThreads.list,
4.849,risk_management|entry_timing|psychology|education_gap,youtube,"2 Esdras 7:75
I answered and said, ""If I have found favor in thy sight, O Lord, show this also to thy servant: whether after death, as soon as every one of us yields up his soul, we shall be kept in rest until those times come when thou wilt renew the creation, or whether we shall be tormented at once?"" 76 He answered me and said, ""I will show you that also, but do not be associated with those who have shown scorn, nor number yourself among those who are tormented. 77 For you have a treasure of works laid up with the Most High; but it will not be shown to you until the last times. 

78 Now, concerning death, the teaching is: When the decisive decree has gone forth from the Most High that a man shall die, as the spirit leaves the body to return again to him who gave it, first of all it adores the glory of the Most High. 79 And if it is one of those who have shown scorn and have not kept the way of the Most High, and who have despised his law, and who have hated those who fear the Most High -- 80 such spirits shall not enter into habitations, but shall immediately wander about in torments, ever grieving and sad, in seven ways. 

81 The first way, because they have scorned the law of the Most High. 82 The second way, because they cannot now make a good repentance that they may live. 83 The third way, they shall see the reward laid up for those who have trusted the covenants of the Most High. 84 The fourth way, they shall consider the torment laid up for themselves in the last days. 85 The fifth way, they shall see how the habitations of the others are guarded by angels in profound quiet. 86 The sixth way, they shall see how some of them will pass over into torments. 87 The seventh way, which is worse than all the ways that have been mentioned, because they shall utterly waste away in confusion and be consumed with shame, and shall wither with fear at seeing the glory of the Most High before whom they sinned while they were alive, and before whom they are to be judged in the last times. 

88 ""Now this is the order of those who have kept the ways of the Most High, when they shall be separated from their mortal body. 89 During the time that they lived in it, they laboriously served the Most High, and withstood danger every hour, that they might keep the law of the Lawgiver perfectly. 90 Therefore this is the teaching concerning them: 91 First of all, they shall see with great joy the glory of him who receives them, for they shall have rest in seven orders.

 92 The first order, because they have striven with great effort to overcome the evil thought which was formed with them, that it might not lead them astray from life into death. 93 The second order, because they see the perplexity in which the souls of the unrighteous wander, and the punishment that awaits them. 94 The third order, they see the witness which he who formed them bears concerning them, that while they were alive they kept the law which was given them in trust. 95 The fourth order, they understand the rest which they now enjoy, being gathered into their chambers and guarded by angels in profound quiet, and the glory which awaits them in the last days. 96 The fifth order, they rejoice that they have now escaped what is corruptible, and shall inherit what is to come; 

and besides they see the straits and toil from which they have been delivered, and the spacious liberty which they are to receive and enjoy in immortality. 97 The sixth order, when it is shown to them how their face is to shine like the sun, and how they are to be made like the light of the stars, being incorruptible from then on. 98 The seventh order, which is greater than all that have been mentioned, because they shall rejoice with boldness, and shall be confident without confusion, and shall be glad without fear, for they hasten to behold the face of him whom they served in life and from whom they are to receive their reward when glorified. 

99 This is the order of the souls of the righteous, as henceforth is announced; and the aforesaid are the ways of torment which those who would not give heed shall suffer hereafter."" 100 I answered and said, ""Will time therefore be given to the souls, after they have been separated from the bodies, to see what you have described to me?"" 101 He said to me, ""They shall have freedom for seven days, so that during these seven days they may see the things of which you have been told, and afterwards they shall be gathered in their habitations."" 

102 I answered and said, ""If I have found favor in thy sight, show further to me, thy servant, whether on the day of judgment the righteous will be able to intercede for the unrighteous or to entreat the Most High for them, 103 fathers for sons or sons for parents, brothers for brothers, relatives for their kinsmen, or friends for those who are most dear."" 104 He answered me and said, ""Since you have found favor in my sight, I will show you this also. The day of judgment is decisive and displays to all the seal of truth. Just as now a father does not send his son, or a son his father, or a master his servant, or a friend his dearest friend, to be ill or sleep or eat or be healed in his stead, 105 so no one shall ever pray for another on that day, neither shall any one lay a burden on another; for then every one shall bear his own righteousness and unrighteousness.""   .....2 Esdras 7:75



/////////////////",2,0,https://www.youtube.com/watch?v=tS9o8aQjADY,UgwVoQwOMFAYbYEWUgR4AaABAg,youtube-data-api-v3/commentThreads.list,
4.735,education_gap,youtube,"Drifting into the trading world without the help of a professional trader and expecting profits is like turning water into wine, you would need a miracle, that's why i trade with Samantha Jack, her skills set is exceptional.",5,3,https://www.youtube.com/watch?v=IyrbbmKv3RE,UgyVcgzrL4x2I3RFIGt4AaABAg,youtube-data-api-v3/commentThreads.list,
4.617,education_gap,youtube,there is lot of teachers out here who teach support and resitance but never teach how to wait be patience let the martket come to you or and key word hold for confirmation you are a very good teacher way to go champ.,28,0,https://www.youtube.com/watch?v=kis7l0y1JUg,Ugy6CuhyvT3y3zK8EYR4AaABAg,youtube-data-api-v3/commentThreads.list,
4.494,risk_management|entry_timing|psychology,youtube,"Can easily get stopped out there though, I would wait for confirmation firstly, maybe set my stop loss further. 1 hour is volatile on most subjects. 
You should enter about 50% in the bull after seeing the rejection be confirmed by green candles.

Greed is the enemy to most",10,1,https://www.youtube.com/watch?v=tS9o8aQjADY,Ugyf-utZUtQyFOuRVy54AaABAg,youtube-data-api-v3/commentThreads.list,
4.447,other_question_or_pain,youtube,"Many folks overlook the importance of advisors until their emotions cause them problems. I recall a few summers ago, after my lengthy divorce, I needed support to keep my business going. I searched for licensed advisors and found someone extremely qualified. She helped grow my reserve from $175K to $750K, despite inflation.",8,0,https://www.youtube.com/watch?v=kis7l0y1JUg,UgyKhXw6vjm4DyGsHah4AaABAg.AB41iRIQwCkAB46QbqDp8e,youtube-data-api-v3/commentThreads.list,
4.349,education_gap,youtube,"@SallyW414 I actually subscribed for a few trading courses but it didn't help much, been getting suggestions to use a proper financial advisor, how did you go about touching base with your coach?",2,0,https://www.youtube.com/watch?v=kis7l0y1JUg,UgwneFAHvtmnsXRpQst4AaABAg.9vK7V6OMaOv9vK7m9szBVq,youtube-data-api-v3/commentThreads.list,
4.329,education_gap,youtube,I really need to understand how to reach this charts 🥺 this is my biggest problem I don't know how to read the chart,3,3,https://www.youtube.com/watch?v=4tFcM7NcefU,UgwvtJyhOj6Bt3M7jyl4AaABAg,youtube-data-api-v3/commentThreads.list,
4.329,other_question_or_pain,youtube,"mas tama izin bertanya...
bagaimana caranya menggabungkan trendline dengan support dan resistance dan fibonacci ?
terima kasih sebelumnya mas 🙏",3,3,https://www.youtube.com/watch?v=vRoToHC9STU,Ugx4NhqGjpr3MAqe_lt4AaABAg,youtube-data-api-v3/commentThreads.list,
4.29,education_gap,youtube,"Please help me understand. At 7:16, it displaced down below the series of 2 up closed candles, after a sweep and tap into the HTF FVG. So why is that not the CISD? I understand it’s premarket too, but if it wasn’t? Is that not a swing low, the down candle followed by the two up? Your videos have levelled me up so much, I’m very very close. Just this one concept is getting me lol. Thanks for the time",1,1,https://www.youtube.com/watch?v=taBdnsItyiI,Ugzbwjc3fRC0Tgj2rTx4AaABAg,youtube-data-api-v3/commentThreads.list,
4.208,entry_timing|education_gap,youtube,"On the retest there are green bars, entry is on the first bullish candle of the retest …he doesn’t say that . He moves his videos along very fast and why I love them. Forces us to figure out, so ya",14,0,https://www.youtube.com/watch?v=tS9o8aQjADY,UgwXuK6CHjOBmINI11h4AaABAg.AJ4WYfoPHw6AJ4ane3FKzG,youtube-data-api-v3/commentThreads.list,
4.196,strategy_rules,youtube,Is it really just strategy though? Sometimes I feel like the market itself is just unpredictable lately.,6,0,https://www.youtube.com/watch?v=tS9o8aQjADY,UgxX4rUOyw7kYAFa0294AaABAg.AWckeLtCuiRAWckszHEwuv,youtube-data-api-v3/commentThreads.list,
4.193,strategy_rules,youtube,"I’m done getting crushed by this market. 😩 Two steps forward, five steps back on repeat. I’ve tried every strategy, watched endless YouTube, dropped money on 3 courses still can’t get consistent. If you’ve had a mentor who actually trades with you while you learn, speak up. I don’t want more theory. I need results that stick.",5,9,https://www.youtube.com/watch?v=tS9o8aQjADY,UgwDpq26W2yMA6yAwRh4AaABAg,youtube-data-api-v3/commentThreads.list,
4.193,entry_timing|education_gap,youtube,"Can anyone help me, how do I make custom rectangles that have a line passing through the center?",1,0,https://www.youtube.com/watch?v=IyrbbmKv3RE,UgyT2PLkoSwkN0LdRld4AaABAg,youtube-data-api-v3/commentThreads.list,
4.149,risk_management|broker_platform,youtube,"I must admit that this is a great video but know Crypto-currency trading is very volatile one as such is too risky for bigginers without basic knowledge to make good fortune out of it, I suggest you invest with a reputable broker and enjoy your returns.",4,7,https://www.youtube.com/watch?v=kis7l0y1JUg,UgwreiW19RYsVfmVRs54AaABAg,youtube-data-api-v3/commentThreads.list,
4.023,entry_timing,youtube,I love this guy. He does a very good job teaching and he makes it as entertaining as possible. Appreciate you,15,0,https://www.youtube.com/watch?v=kis7l0y1JUg,UgxX6tmqna6h63r0ial4AaABAg,youtube-data-api-v3/commentThreads.list,
3.985,broker_platform|education_gap,youtube,"Just made this mistake right now and ,am about to get a margin call from my broker,and coincidentally just stormed on this short😢😢😢😢,how I wish I saw this earlier",11,0,https://www.youtube.com/watch?v=4tFcM7NcefU,Ugwl_zfdlWlJstsiGBJ4AaABAg,youtube-data-api-v3/commentThreads.list,
3.943,education_gap,youtube,Can you all help me?? Is he trading options because I never see him buy and sell what he just bought.  His take  profit is larger as the trend descends,1,0,https://www.youtube.com/watch?v=kis7l0y1JUg,UgzDjI6Z_fkJpKCeqHN4AaABAg.9ly8MqabOjZ9xx6bdN_8Rn,youtube-data-api-v3/commentThreads.list,
3.898,other_question_or_pain,youtube,gimana kalau gak ada konfirmasi dan langsung terus naik keatas? karna sering banget nunggu konfirmasi eee ternyata breakout resistance selanjutnya,2,2,https://www.youtube.com/watch?v=vRoToHC9STU,UgxGovE71MTpdJf0zhJ4AaABAg,youtube-data-api-v3/commentThreads.list,
3.898,other_question_or_pain,youtube,Bang mohin bahas ya kenapa oramg kebanyakan cepat2 ingin open posisi menurut sampean apa yang menyebabkan hal seperti itu haruskah buat ceklis? Sebelum into trade?,2,2,https://www.youtube.com/watch?v=vRoToHC9STU,UgxRuAgy48nsAkNe3jl4AaABAg,youtube-data-api-v3/commentThreads.list,
3.886,strategy_rules|education_gap,youtube,"Hello bro i really love how you analyse the market...,I'm highly motivated to acknowledge the fact that you strictly said a trader needs to build patience...,i have only one question, does this strategy Work on all trading quotes??",3,0,https://www.youtube.com/watch?v=kis7l0y1JUg,UgxsCNXBsv1nDs5MZCF4AaABAg,youtube-data-api-v3/commentThreads.list,
3.75,risk_management|entry_timing|education_gap,youtube,"Thank u sir, , I have one serious and technical question pls 

If I have Uptrend in 4h HTF (HH ,HL ) formation, and in 15 min LTF also uptrend (HH,HL) formation, then will I take trade based on LTF demand zone ? Or HTF demand zone, Cause Price are both side uptrending,So MY real PoI is far, it might not reach 4H demand zone but might also, So if I enter from 15 min imidiate closer Demand zone by observation that my HTF is also uptrend, there is certain big risk that my Trade will go in  my 4h demand zone and stop me out from my 15 min demand zone ,please sir help me, or I must wait price to come first in my 4h demand zone then take entry from 15 min demand zone inside it, then why I am checking LTF is also uptrending before ? Thank you sir",0,0,https://www.youtube.com/watch?v=FccA87INVUE,UgzVcUPO6W1I3dNBbV94AaABAg,youtube-data-api-v3/commentThreads.list,
3.697,entry_timing|strategy_rules,youtube,​@MrJbro26 thanks. I think something like a small rangle high volume candle on a smaller timeframe to confirm entry would work great.,8,0,https://www.youtube.com/watch?v=tS9o8aQjADY,UgwXuK6CHjOBmINI11h4AaABAg.AJ4WYfoPHw6AJ4b9C8MORx,youtube-data-api-v3/commentThreads.list,
3.696,risk_management|strategy_rules|education_gap,youtube,That is another reason even A+ setups fail and that is why you have your SL.,6,0,https://www.youtube.com/watch?v=4tFcM7NcefU,UgyMZT2acaTqgQdIr-J4AaABAg.A8V4Cr5tQ2IA8VlGhA_75D,youtube-data-api-v3/commentThreads.list,
3.676,education_gap,youtube,The market has been pretty bad until today it decided to surge. Everybody was Practically Crying then. It kept dipping. That's what you get when you feel you can navigate the process on your own. Big thank to Hilder Ferguson. I'm not bothered with how bad the Market is because my assests are insured due to her advice and I still receive my profit,3,7,https://www.youtube.com/watch?v=kis7l0y1JUg,UgzeXAUHRfSqMRce6ft4AaABAg,youtube-data-api-v3/commentThreads.list,
3.636,strategy_rules,youtube,"Can you please increase the number of subscribers on your indicator in the future? Because I want to buy the indicator, but it says that all spots are filled.🥺",1,3,https://www.youtube.com/watch?v=IyrbbmKv3RE,Ugw0JkGiYxeEf04oxth4AaABAg,youtube-data-api-v3/commentThreads.list,
3.636,strategy_rules,youtube,but which strategy? there is like 10000 strategy videos,3,0,https://www.youtube.com/watch?v=kis7l0y1JUg,UgyntZMzIESD2UtM5ut4AaABAg.9gbWsprE4t1ALoXZWwiEBt,youtube-data-api-v3/commentThreads.list,
3.579,entry_timing|strategy_rules,youtube,"I’ve just built an EA that identifies these levels on higher timeframes then hints for confirmation entry at the level, then targets 80% of the distance to the next zone so supply to demand. Demand to supply. 

Works a treat",3,3,https://www.youtube.com/watch?v=tS9o8aQjADY,Ugz4IJ4XZtjSENF9PRh4AaABAg,youtube-data-api-v3/commentThreads.list,
3.548,strategy_rules,youtube,"For anyone new to crypto: stop looking at the 1-minute charts. I lost so much money early on because I was reacting to every tiny wiggle. Once I started looking at the higher timeframes and understanding institutional flow, my stress levels dropped and my hits started landing. Trading is 90% patience and 10% execution.",2,10,https://www.youtube.com/watch?v=tS9o8aQjADY,UgwhFJlFfZ00syPQaP14AaABAg,youtube-data-api-v3/commentThreads.list,
3.542,risk_management|entry_timing|education_gap,youtube,"As a beginner investor, it’s essential for you to have a mentor to keep you accountable.
Cierra Howell George is my trade analyst, she has guided me to identify key market trends, pinpointed strategic entry points, and provided risk assessments, ensuring my trades decisions align with market dynamics for optimal returns.",5,0,https://www.youtube.com/watch?v=tS9o8aQjADY,UgxcZQMK2O-szmOAwp54AaABAg.AJ71cPqdxRLANscXe_Dpnk,youtube-data-api-v3/commentThreads.list,
3.54,entry_timing|education_gap,youtube,"One of my entry systems. It's a banger in the right zone. Top notch. Quick one: 3rd candle close above 2nd candle body or wick?
If candle 3 fails to close beyond camdle 2's close, what next?",1,1,https://www.youtube.com/watch?v=FccA87INVUE,UgyCp7t2Ze4MLvPiZON4AaABAg,youtube-data-api-v3/commentThreads.list,
3.492,other_question_or_pain,youtube,channel live tradingnya dimana?..,1,2,https://www.youtube.com/watch?v=vRoToHC9STU,UgzcT7uxx15-Q5GXBZF4AaABAg,youtube-data-api-v3/commentThreads.list,
3.349,education_gap,youtube,"this my worst problem ever, when I trade i thought i knew what i doing wrong but this made it so much clear to me, thanks Justin",2,0,https://www.youtube.com/watch?v=taBdnsItyiI,Ugy1sB-TdqUDTH39SjV4AaABAg,youtube-data-api-v3/commentThreads.list,
3.349,other_question_or_pain,youtube,@The Trading Geek would you consider hosting a live trade challenge to help those with small accounts compound/ grow their small accounts using your signals ( it should be a paid service/ challenge of course) 😊,2,0,https://www.youtube.com/watch?v=kis7l0y1JUg,UgzDsxav9oZBZ7VHRiV4AaABAg.9fflTZMy7Oi9ijrCvxej7G,youtube-data-api-v3/commentThreads.list,
3.292,risk_management|education_gap,youtube,Pls can you make a video for me explaining more on how to calculate SL AND TP PROPERLY 🙏🙏🙏,5,0,https://www.youtube.com/watch?v=FccA87INVUE,Ugxrzd_e9J7ZGveookd4AaABAg,youtube-data-api-v3/commentThreads.list,
3.29,other_question_or_pain,youtube,apa bedaqnya trading intrade ama scalping bang?,1,1,https://www.youtube.com/watch?v=vRoToHC9STU,UgwEPk7oo2_8qpdOFqh4AaABAg,youtube-data-api-v3/commentThreads.list,
3.29,education_gap,youtube,If the HTF Swing is so far then what to do?,1,1,https://www.youtube.com/watch?v=taBdnsItyiI,UgwXeeQQnzwIZ5VNzgF4AaABAg,youtube-data-api-v3/commentThreads.list,
3.29,other_question_or_pain,youtube,"Bang, cara gabung trading live nya gmn?",1,1,https://www.youtube.com/watch?v=vRoToHC9STU,Ugwl6_4H3b5hagocYxh4AaABAg,youtube-data-api-v3/commentThreads.list,
3.29,other_question_or_pain,youtube,Ada grup trading nya?,1,1,https://www.youtube.com/watch?v=vRoToHC9STU,UgwrF6rK-1FgOEgl-gp4AaABAg,youtube-data-api-v3/commentThreads.list,
3.29,broker_platform,youtube,Mas di trading view bisa konek broker fbs gak? Dan apakah bisa sekalian open posisi di trading view?,1,1,https://www.youtube.com/watch?v=vRoToHC9STU,UgzDjmgsqpOm7f2frTB4AaABAg,youtube-data-api-v3/commentThreads.list,
3.25,entry_timing,youtube,Entry confirmation where do you look lower time frame or high time frame? Someone help me,0,0,https://www.youtube.com/watch?v=FccA87INVUE,UgweCb2S6QfwTuM1TPF4AaABAg,youtube-data-api-v3/commentThreads.list,
3.25,psychology,youtube,Really you people know her? I was even thinking that I'm the only one she has helped walk through the fears and falls of trading.,0,0,https://www.youtube.com/watch?v=kis7l0y1JUg,UgxMqdqbcd5IgHrKkW94AaABAg.A08LbJnZystA08M775DdAU,youtube-data-api-v3/commentThreads.list,
3.25,entry_timing,youtube,Thank u so much sir for this video. My question is after drawing ur POI are u going to wait till price comes back to touch dat point of interest before u enter a trade??? Pls sir help me with this I really want to understand this 🙏🙏🙏,0,0,https://www.youtube.com/watch?v=FccA87INVUE,Ugz5w_eq58U2KuORCkZ4AaABAg,youtube-data-api-v3/commentThreads.list,
3.196,risk_management,youtube,"You seriously worry about ppl doesn’t know shorting , hilarious 🤣",6,0,https://www.youtube.com/watch?v=IyrbbmKv3RE,UgwXTISeowCqAZNtL1N4AaABAg,youtube-data-api-v3/commentThreads.list,
3.049,strategy_rules|education_gap,youtube,What was the previous timeframe?,0,2,https://www.youtube.com/watch?v=4tFcM7NcefU,UgxG_iN6oanccZUrTLt4AaABAg,youtube-data-api-v3/commentThreads.list,
2.943,education_gap,youtube,​@curiosityhub-01how did he take the trade? Sell limit or just execution??,1,0,https://www.youtube.com/watch?v=4tFcM7NcefU,Ugwcgxxx9PKdYtowcy54AaABAg.A8MV81VL_xSA8QVLuk1aWz,youtube-data-api-v3/commentThreads.list,
2.943,other_question_or_pain,youtube,"report is a colossal failure. To bring the housing market to a halt, the FED will have to pull all the stops. The unfortunate issue is that other markets are being decimated. If you want to",1,0,https://www.youtube.com/watch?v=kis7l0y1JUg,UgwlqFYuBy8uEZcXzml4AaABAg.9lRpcD5rj7m9lRqCMzpwbe,youtube-data-api-v3/commentThreads.list,
2.943,education_gap,youtube,How's your day trading going ? I'm new also,1,0,https://www.youtube.com/watch?v=kis7l0y1JUg,UgwzUA9cKW0Z1_d4tQB4AaABAg.9r3UVmgFp3c9rnpTDNDfql,youtube-data-api-v3/commentThreads.list,
2.943,other_question_or_pain,youtube,I am new trader on Export Option your lesson big help for me thank you,1,0,https://www.youtube.com/watch?v=kis7l0y1JUg,Ugy3GfY-k5hw9eslp9t4AaABAg,youtube-data-api-v3/commentThreads.list,
2.943,education_gap,youtube,I've been making a lot of looses trying to trade on me own😩 How can I start making profits from cryptocurrency and the market? I am still a beginner,1,0,https://www.youtube.com/watch?v=tS9o8aQjADY,UgyihRFxkiUXUXOTb7x4AaABAg.AZhHHr3xWETAZhHY5MqnZ2,youtube-data-api-v3/commentThreads.list,
2.943,other_question_or_pain,youtube,"Great for swingers and long term. 
Not much help for scalpers.",1,0,https://www.youtube.com/watch?v=IyrbbmKv3RE,UgzASWA23Sw9_OQ9J1N4AaABAg,youtube-data-api-v3/commentThreads.list,
2.943,entry_timing,youtube,"Observing instead of predicting is also a great way to help detach yourself from outcomes. If you stop caring so much about being right with your predictions, it becomes a more scientific and technical process where you just analyze PA and enter if your criteria are met instead of off of emotions",1,0,https://www.youtube.com/watch?v=taBdnsItyiI,Ugzf4yGw6bIGyZaWwfl4AaABAg,youtube-data-api-v3/commentThreads.list,
2.859,strategy_rules,youtube,This is actually good advice. Better than all the indicator BS this channel normally hawks.,4,0,https://www.youtube.com/watch?v=tS9o8aQjADY,UgwSof56kUDfdbyGPJt4AaABAg,youtube-data-api-v3/commentThreads.list,
2.859,strategy_rules,youtube,It taped the lower timeframe OB,4,0,https://www.youtube.com/watch?v=tS9o8aQjADY,UgwXuK6CHjOBmINI11h4AaABAg.AJ4WYfoPHw6AJ4fbNL90Qq,youtube-data-api-v3/commentThreads.list,
2.847,strategy_rules|education_gap,youtube,Pls sir what is the name of this strategy? sir,0,1,https://www.youtube.com/watch?v=4tFcM7NcefU,UgwQT5O_b0UE8PaVuIZ4AaABAg,youtube-data-api-v3/commentThreads.list,
2.799,other_question_or_pain,youtube,"Mas tama,, cara perhitungan pip di tiap pair itu kan beda beda cara menghitungnya dari mana, tipsnya cara kita bisa tau pip tiap pair itu bagaimana?",0,2,https://www.youtube.com/watch?v=vRoToHC9STU,Ugw73Df4bn0sO-bH_HR4AaABAg,youtube-data-api-v3/commentThreads.list,
2.695,entry_timing,youtube,It looks like you missed the trade. It didn't come back to tap your entry.,2,1,https://www.youtube.com/watch?v=4tFcM7NcefU,UgxdFinbZ3QsKsIWTUJ4AaABAg,youtube-data-api-v3/commentThreads.list,
2.695,strategy_rules,youtube,Mrs Kimberly is legit and her method works like magic I keep on earning every single week with her new strategy,2,1,https://www.youtube.com/watch?v=IyrbbmKv3RE,UgxpWcTIguQ8BZsrrWt4AaABAg,youtube-data-api-v3/commentThreads.list,
2.636,strategy_rules,youtube,"this all a trader need to make money in the market, stop looking for a strategy every single day guys, use this for the next six months.",3,0,https://www.youtube.com/watch?v=FccA87INVUE,Ugx1Z6_fpuxllxQzy3J4AaABAg,youtube-data-api-v3/commentThreads.list,
2.636,strategy_rules,youtube,"Bantu jwb, Kalo pake trading view cari aja indikator namanya support and resistance channel, buka timeframe 1H nanti ada gambar support & resistance terus digambar dah tu SnR dan bikin trendline, nanti cari sinyal di TF 15M atau 5M (unseen indikator support resistance channelnya biar ga pusing).",3,0,https://www.youtube.com/watch?v=vRoToHC9STU,Ugx4NhqGjpr3MAqe_lt4AaABAg.9ald-g0nR2O9alrwGgL4vQ,youtube-data-api-v3/commentThreads.list,
2.636,risk_management,youtube,"@gowonjake It's possible to statistically measure whether some decisions were wise. But in the real world,  day to day, we simply don't. It's too hard. We prefer simple stories, which are easy but often devilishly  misleading. the mentor I'm working with,  made me know there is no faster way to feel rich than to spend lots of money on really nice stocks. It's really that simple!...",3,0,https://www.youtube.com/watch?v=kis7l0y1JUg,UgxZUH3k3Hv39dEfvNN4AaABAg.9mG0fJ_W6CY9mG1MQjVaXS,youtube-data-api-v3/commentThreads.list,
2.636,education_gap,youtube,the more I trade the more I understand what this mean. Thanks,3,0,https://www.youtube.com/watch?v=tS9o8aQjADY,UgzPsg2QMcj6xG-xTeJ4AaABAg,youtube-data-api-v3/commentThreads.list,
2.597,strategy_rules,youtube,The 15 and 5 minute are good timeframe to use trade?,0,1,https://www.youtube.com/watch?v=4tFcM7NcefU,UgwQWeCeXt9qylmwL8t4AaABAg,youtube-data-api-v3/commentThreads.list,
2.597,other_question_or_pain,youtube,Mas ada nggak strategi trading yg profit dng hanya memantau chart saat pergantian chandle harian saja ?,0,1,https://www.youtube.com/watch?v=vRoToHC9STU,UgwTMOmaveSbxcqjxKZ4AaABAg,youtube-data-api-v3/commentThreads.list,
2.597,other_question_or_pain,youtube,Kalo untuk waktu di future market crypto new York season nya sama ga mas kaya di forex? Saya cek di google ga da semoga di balas 🙏,0,1,https://www.youtube.com/watch?v=vRoToHC9STU,Ugwra7pw4cMALa-TNG54AaABAg,youtube-data-api-v3/commentThreads.list,
2.597,other_question_or_pain,youtube,"Bang mau bertanya bang Rizky trading for living atau nggak? 
Semoga di jawab terimakasih 🙏",0,1,https://www.youtube.com/watch?v=vRoToHC9STU,UgzFCe2msbmChl79E314AaABAg,youtube-data-api-v3/commentThreads.list,
2.597,other_question_or_pain,youtube,Mas Tama nama backsound pas livetrade apa?,0,1,https://www.youtube.com/watch?v=vRoToHC9STU,UgzPHPcSFscGmr6DBf54AaABAg,youtube-data-api-v3/commentThreads.list,
2.5,strategy_rules|education_gap,youtube,"Sir, what timeframe do you use for the confirmation?",0,0,https://www.youtube.com/watch?v=FccA87INVUE,UgwE4Ft6urTN4HzlCAB4AaABAg,youtube-data-api-v3/commentThreads.list,
2.5,strategy_rules|education_gap,youtube,I’ve been following the strategy from Chris James Cooks. ❤ His patience and the way he reads the charts is what actually helped me stay consistent.,0,0,https://www.youtube.com/watch?v=tS9o8aQjADY,UgwhFJlFfZ00syPQaP14AaABAg.AYlh5Vi3S_-AYlpelJnahr,youtube-data-api-v3/commentThreads.list,
2.5,entry_timing|education_gap,youtube,Why you not entry 5min OB+FVG.?,0,0,https://www.youtube.com/watch?v=4tFcM7NcefU,UgxJjJLzhJ-nXp2hEMd4AaABAg,youtube-data-api-v3/commentThreads.list,
2.5,entry_timing|education_gap,youtube,"The way you explained entry and exit timing for higher-probability trades was really helpful. Many traders focus only on entries, but mastering exits is what actually protects profits. Great explanation! 📈🔥",0,0,https://www.youtube.com/watch?v=kis7l0y1JUg,Ugxvuyorqe1IEREjOBl4AaABAg,youtube-data-api-v3/commentThreads.list,
2.5,broker_platform|education_gap,youtube,"You are wasting time trading in minutes time frame…. And time is the most valuable thing on earth 👌
What do you think, why there is no second time frames in mt4 mt5 and so on???",0,0,https://www.youtube.com/watch?v=4tFcM7NcefU,UgymtfNWKRcjxIzyaP14AaABAg,youtube-data-api-v3/commentThreads.list,
2.5,entry_timing|education_gap,youtube,"I'm a bit confused, sir. In Trend A of your sketch, your entry is marked at the closing price of the third candle. However, the entry was marked in the chart at the closing price of the second candle, and the trade didn't take you in before the bullish move.",0,0,https://www.youtube.com/watch?v=FccA87INVUE,Ugyyqd_Ciw0evw6oHFx4AaABAg,youtube-data-api-v3/commentThreads.list,
2.443,risk_management|entry_timing|education_gap,youtube,entry timing explained really well… focusing on risk-reward instead of just direction makes a big difference.,1,0,https://www.youtube.com/watch?v=IyrbbmKv3RE,UgwumaVlZRPdME7_RSF4AaABAg,youtube-data-api-v3/commentThreads.list,
2.349,entry_timing,youtube,"I love this guy method of teaching. And teacher and an entertainer as well 😂
More wisdom to u bro❤",2,0,https://www.youtube.com/watch?v=kis7l0y1JUg,UgwSo3NtuYP4iSxyTxh4AaABAg,youtube-data-api-v3/commentThreads.list,
2.349,risk_management,youtube,"@AnitaCacoa  I agree, that's the more reason I prefer my day to day investment decisions being guided by an advisor seeing that their entire skillset is built around going long and short at the same time both employing risk for its asymmetrical upside and laying off risk as a hedge against the inevitable downward turns, coupled with the exclusive information/analysis they have, it's near impossible to not out-perform, been using my advisor for over 2years+ and I've netted over 2.8million.",2,0,https://www.youtube.com/watch?v=kis7l0y1JUg,UgwneFAHvtmnsXRpQst4AaABAg.9vK7V6OMaOv9vK7fnJAKO9,youtube-data-api-v3/commentThreads.list,
2.349,education_gap,youtube,"That's exactly what you did today (February 12, 2026): two losses, and after those two losses, the ideal configuration happened, and resulting in a profit.
(Sorry for the mistakes, I'm from Brazil and I don't speak English).",2,0,https://www.youtube.com/watch?v=taBdnsItyiI,Ugx8FnZB6bu5U-XXqgh4AaABAg,youtube-data-api-v3/commentThreads.list,
2.349,education_gap,youtube,"Omg same, all these ""traders"" uses the fancy lingo when us beginners dunno what happening 😭😂",2,0,https://www.youtube.com/watch?v=kis7l0y1JUg,UgzDjI6Z_fkJpKCeqHN4AaABAg.9ly8MqabOjZA4iAHQS1sNG,youtube-data-api-v3/commentThreads.list,
2.29,education_gap,youtube,"HI，In this example, why didn't go short when the candle closed below the CISD, but instead waited for a pullback",1,1,https://www.youtube.com/watch?v=taBdnsItyiI,UgxMUdE3ESNJldcTOG54AaABAg,youtube-data-api-v3/commentThreads.list,
2.29,broker_platform,youtube,"Mas tama tolong buatin tutor money managementnya dong sama spread saya masih agak bingung disana, ty 🙏",1,1,https://www.youtube.com/watch?v=vRoToHC9STU,Ugxz9tTBizMhvuE_K-t4AaABAg,youtube-data-api-v3/commentThreads.list,
2.29,risk_management,youtube,Sukses terus untuk. Mas risky.. dan semoga sehat selalu.. 🙏🙏,1,1,https://www.youtube.com/watch?v=vRoToHC9STU,Ugzud4yqerf1v1byS0t4AaABAg,youtube-data-api-v3/commentThreads.list,
2.25,strategy_rules,youtube,Which indicator? I would love to buy it.,0,0,https://www.youtube.com/watch?v=IyrbbmKv3RE,Ugw0JkGiYxeEf04oxth4AaABAg.9fJlDKGSmSY9fKzWRWFWOM,youtube-data-api-v3/commentThreads.list,
2.25,other_question_or_pain,youtube,Do you have a copy trade sir?,0,0,https://www.youtube.com/watch?v=4tFcM7NcefU,Ugw3BCzT7FnuoLvVRO14AaABAg,youtube-data-api-v3/commentThreads.list,
2.25,other_question_or_pain,youtube,Spot on. This is my biggest problem. I end up making the big trade I wanted but lose half of the profits because I got in to early and was already down on the day.,0,0,https://www.youtube.com/watch?v=taBdnsItyiI,Ugw89zo2W81RKatmXbB4AaABAg,youtube-data-api-v3/commentThreads.list,
2.25,other_question_or_pain,youtube,"Sir, can we call this as also another way of backtesting?",0,0,https://www.youtube.com/watch?v=FccA87INVUE,UgwBGPrm08nbZp0aWlZ4AaABAg,youtube-data-api-v3/commentThreads.list,
2.25,other_question_or_pain,youtube,Om itu pakai trading view kah?,0,0,https://www.youtube.com/watch?v=vRoToHC9STU,UgwLvwnuPziunOlL4T94AaABAg.9al_hQs1HtQ9ala4X_SOVs,youtube-data-api-v3/commentThreads.list,
2.25,other_question_or_pain,youtube,this was super helpful for my trading,0,0,https://www.youtube.com/watch?v=tS9o8aQjADY,UgwNIwrl5WMJDT_za7d4AaABAg,youtube-data-api-v3/commentThreads.list,
2.25,education_gap,youtube,*Chris James Cooks*~ really appreciate him. he's one of the smartest and most supportive mentor I've ever learned from. His mindset and the way he explains things really helped me a lot,0,0,https://www.youtube.com/watch?v=tS9o8aQjADY,UgwhFJlFfZ00syPQaP14AaABAg.AYlh5Vi3S_-AYlph8Ay04z,youtube-data-api-v3/commentThreads.list,
2.25,broker_platform,youtube,"JUDITH LEKA RILEY




  is the analyst/brokerage-adviser,,,, . She has been of great,,,,,, help and her tutelage,,,,, has,,,,,, brought,,,,, me to a higher,,,,,,,,,, understanding,,,,, of profit generation. You,,,,, can look up her name on,,,,,,, the net for,,,,,, her page  and reach out. She Understands the job perfectly.",0,0,https://www.youtube.com/watch?v=kis7l0y1JUg,UgwlqFYuBy8uEZcXzml4AaABAg.9lRpcD5rj7m9lRsOUrmGkN,youtube-data-api-v3/commentThreads.list,
2.25,entry_timing,youtube,"After the MSS on the lower TF, does price have to trade back to the POI before taking an entry?",0,0,https://www.youtube.com/watch?v=FccA87INVUE,UgwsyRO0f3sFTn-hbbR4AaABAg,youtube-data-api-v3/commentThreads.list,
2.25,other_question_or_pain,youtube,Is that mss valid ?  LH is formed inside  precious red candle. So I think it's not Valid.,0,0,https://www.youtube.com/watch?v=FccA87INVUE,Ugx0e_rfKMFuac9bDSx4AaABAg,youtube-data-api-v3/commentThreads.list,
2.25,education_gap,youtube,"Hello am from Wales, my partner just approved my trading... Can I write her directly on WA I would like to work with your trader, how can I connect with her?",0,0,https://www.youtube.com/watch?v=kis7l0y1JUg,Ugx3V_6p_8nkxSIABiZ4AaABAg.9hLKTwHE3Kx9hLVG8e2txQ,youtube-data-api-v3/commentThreads.list,
2.25,other_question_or_pain,youtube,the 4hr trading liquidity sweeps have been helping so much. today was a clean move,0,0,https://www.youtube.com/watch?v=tS9o8aQjADY,UgxPOGLwZyiGXQn31T94AaABAg.AUf--YtCCttAY84froQmnf,youtube-data-api-v3/commentThreads.list,
2.25,education_gap,youtube,How are you doing this stuffs? It is easy for you to read candle stick.,0,0,https://www.youtube.com/watch?v=4tFcM7NcefU,UgxSIKTg8v9w-ezueuB4AaABAg,youtube-data-api-v3/commentThreads.list,
2.25,education_gap,youtube,Good afternoon I just joined your telegram group can't wait to start understanding how to trade been following your steps I basically got your stuff saved in my YouTube LOL,0,0,https://www.youtube.com/watch?v=kis7l0y1JUg,UgxifVbX99chPwJyWwV4AaABAg,youtube-data-api-v3/commentThreads.list,
2.25,other_question_or_pain,youtube,Can all this forex analysis work on cryptocurrency also?,0,0,https://www.youtube.com/watch?v=FccA87INVUE,UgxkGFGFCJCgrO0OW9V4AaABAg,youtube-data-api-v3/commentThreads.list,
2.25,other_question_or_pain,youtube,"Interesting, I have a lump sum doing absolutely nothing at all in my bank account, I wanna get something started with it. You seem to be doing excellent for yourself. Do you trade on your own?",0,0,https://www.youtube.com/watch?v=kis7l0y1JUg,Ugxv9wWI-iRHBUcYn3V4AaABAg.9gMVm8-F9lM9gMWK14Tzzv,youtube-data-api-v3/commentThreads.list,
2.25,education_gap,youtube,"⁠@Xavi_025yeah on high time frame it may look like a wick, basically after price accumulates price will have one last move up and then distribute in the opposite direction you will see in his Market maker model it’s the last move up or last move down every time and it usually is going to cross an area where liquidity is. Hope this helps I may suck at explaining",0,0,https://www.youtube.com/watch?v=taBdnsItyiI,Ugxx4t3TJOeHatLnFgJ4AaABAg.AOLk8p1PIaZAOM7pl_0SjU,youtube-data-api-v3/commentThreads.list,
2.25,other_question_or_pain,youtube,i have a question:like do you trade sessions liquidity in alighnment to your analysis???,0,0,https://www.youtube.com/watch?v=taBdnsItyiI,Ugy_Om7aK-nAN5WMYUZ4AaABAg,youtube-data-api-v3/commentThreads.list,
2.25,other_question_or_pain,youtube,"this helped me a lot, thanks for sharing",0,0,https://www.youtube.com/watch?v=tS9o8aQjADY,Ugymn7X7dLmGZfsznE54AaABAg,youtube-data-api-v3/commentThreads.list,
2.25,other_question_or_pain,youtube,"You are real about forex trading. great content. i am Segun from Nigeria, have subscribed to your channel. which of your video can i start with as a beginner?",0,0,https://www.youtube.com/watch?v=kis7l0y1JUg,UgyngGf091eFDbwkn614AaABAg,youtube-data-api-v3/commentThreads.list,
2.25,other_question_or_pain,youtube,@Diorinni just like to hear his voice and watch him for fun.:) as far i backtested some of his strategies i dont have issues at all.,0,0,https://www.youtube.com/watch?v=IyrbbmKv3RE,Ugz0R94CijWGbZ4SGC94AaABAg.9fMWCZaPrlA9tw9grCS23U,youtube-data-api-v3/commentThreads.list,
2.25,education_gap,youtube,"Haha, that's exactly the topic I'm currently learning. It's incredible how your videos always connect with my own path. It helps me a lot. You're the best trading teacher here on YouTube.",0,0,https://www.youtube.com/watch?v=taBdnsItyiI,Ugz2U6G1czlXlnUfPFl4AaABAg,youtube-data-api-v3/commentThreads.list,
2.25,education_gap,youtube,"Hey bro, just wanted to say, love and appreciate the content! I came across this video because I kept losing, however be bias and everything was correct and price action went in my direction when I got stoped out. This video really helped my because now I know to be an observer > predictor. Thanks bro, keep up with the hard work!",0,0,https://www.youtube.com/watch?v=taBdnsItyiI,Ugz2xjXRE7mj4S4PIu54AaABAg,youtube-data-api-v3/commentThreads.list,
2.25,other_question_or_pain,youtube,"Hello, Does your signal chanel exist?",0,0,https://www.youtube.com/watch?v=kis7l0y1JUg,UgzDsxav9oZBZ7VHRiV4AaABAg.9fflTZMy7Oi9nhH3acB1sv,youtube-data-api-v3/commentThreads.list,
2.25,broker_platform,youtube,You are right but the market is profiting if you are using really a good broker or account manager to help out with trades or provide signals,0,0,https://www.youtube.com/watch?v=kis7l0y1JUg,UgzNJQCKPR89XLwADKN4AaABAg.9hz_zTBCjhc9hza7F3g2MN,youtube-data-api-v3/commentThreads.list,
2.25,other_question_or_pain,youtube,"​@Patrick Ericsson Wow you really know expert Bridget...? She has been trading for me, her strategies are wonderful and she made me see binary and forex trade from a different dimension. I keep making profits weekly",0,0,https://www.youtube.com/watch?v=kis7l0y1JUg,UgzNJQCKPR89XLwADKN4AaABAg.9hz_zTBCjhc9hzcO2sgMTA,youtube-data-api-v3/commentThreads.list,
2.25,risk_management,youtube,"seriously this was super helpful, thanks!",0,0,https://www.youtube.com/watch?v=tS9o8aQjADY,UgzNhOPKeiFJ7QXD1td4AaABAg,youtube-data-api-v3/commentThreads.list,
2.25,other_question_or_pain,youtube,"this is super helpful, learned a lot",0,0,https://www.youtube.com/watch?v=tS9o8aQjADY,UgzQODVN-97CcEMibCx4AaABAg,youtube-data-api-v3/commentThreads.list,
2.25,education_gap,youtube,I have incurred so much losses trading on my own..I trade well on demo. But I think the real market is manipulated. Can anyone help me out or at least tell me what I'm doing wrong,0,0,https://www.youtube.com/watch?v=kis7l0y1JUg,UgzdnjhroPSQNazXVbR4AaABAg.9nPJUKrXao09nPKsHA4K5V,youtube-data-api-v3/commentThreads.list,
2.25,risk_management,youtube,Trading with an expert is really beneficial this will help you avoid losing your money on the trading market. I also trade with her and my portfolio has grown tremendously.,0,0,https://www.youtube.com/watch?v=kis7l0y1JUg,UgzeXAUHRfSqMRce6ft4AaABAg.9gO11CHenJb9gO15H3cKaO,youtube-data-api-v3/commentThreads.list,
2.25,other_question_or_pain,youtube,"i was facing this exact issue which you addressed in this videos for the past 3 months, thanks a lot",0,0,https://www.youtube.com/watch?v=taBdnsItyiI,Ugzf2_-iu2NfYO-DasZ4AaABAg,youtube-data-api-v3/commentThreads.list,
2.25,strategy_rules,youtube,"Amazing vudeo, keep it going, thinkijg on buying ypur indicator! Can u suggest indicator for fair value gap in t.v.?",0,0,https://www.youtube.com/watch?v=IyrbbmKv3RE,UgzgsO1X7E6HkOr3PSl4AaABAg.9fJlEhMLLej9fJo3QeapMs,youtube-data-api-v3/commentThreads.list,
2.25,education_gap,youtube,How long have you been a trader?,0,0,https://www.youtube.com/watch?v=IyrbbmKv3RE,UgzgsO1X7E6HkOr3PSl4AaABAg.9fJlEhMLLej9fOr_azK8Ll,youtube-data-api-v3/commentThreads.list,
2.25,strategy_rules,youtube,Can't find indicator...,0,0,https://www.youtube.com/watch?v=IyrbbmKv3RE,Ugzr1nt7U6n7QVn2YhV4AaABAg,youtube-data-api-v3/commentThreads.list,
2.055,education_gap,youtube,Pak bikin tutorial deposit sma witdraw di forex dong mksh🙏,0,4,https://www.youtube.com/watch?v=vRoToHC9STU,UgwaOaG0kSgzBvdx3hh4AaABAg,youtube-data-api-v3/commentThreads.list,
1.943,risk_management,youtube,TTG Thanks for all your videos bro learned so much! I have been trading the past 2 years but failed and burnt so much money and after watching some of your videos I am slowly seeing some lights now.,1,0,https://www.youtube.com/watch?v=kis7l0y1JUg,UgwJ8TAI5N3TN0fuBS94AaABAg,youtube-data-api-v3/commentThreads.list,
1.943,broker_platform,youtube,Tergantung broker tuu bang,1,0,https://www.youtube.com/watch?v=vRoToHC9STU,UgwaOaG0kSgzBvdx3hh4AaABAg.9aliPL4h8RE9amMshwlquz,youtube-data-api-v3/commentThreads.list,
1.943,broker_platform,youtube,@madielsullivantv8825 aku pke mt4 bg,1,0,https://www.youtube.com/watch?v=vRoToHC9STU,UgwaOaG0kSgzBvdx3hh4AaABAg.9aliPL4h8RE9am_SKM_HWh,youtube-data-api-v3/commentThreads.list,
1.943,broker_platform,youtube,Iy mt4 tp brokernya apa..,1,0,https://www.youtube.com/watch?v=vRoToHC9STU,UgwaOaG0kSgzBvdx3hh4AaABAg.9aliPL4h8RE9an1kgUMKr2,youtube-data-api-v3/commentThreads.list,
1.943,risk_management,youtube,"Keep it simple in the beginning. Buy something, like an index fund, and hold. Educate yourself in the meantime and elevate your risk tolerance over time.",1,0,https://www.youtube.com/watch?v=kis7l0y1JUg,UgwlqFYuBy8uEZcXzml4AaABAg.9lRpcD5rj7m9lRpnRAreQ5,youtube-data-api-v3/commentThreads.list,
1.943,broker_platform,youtube,Mas tama pake broker apa ya 🙏,0,3,https://www.youtube.com/watch?v=vRoToHC9STU,Ugx1dua_KjM8Q5oRpQd4AaABAg,youtube-data-api-v3/commentThreads.list,
1.943,education_gap,youtube,I missed so many good trades but what u taught today opened my eyes.Thanks sir God bless you more,1,0,https://www.youtube.com/watch?v=FccA87INVUE,UgxjT-9fHkOt-LRUaI54AaABAg,youtube-data-api-v3/commentThreads.list,
1.943,education_gap,youtube,And what if price continues on a bullish trend without that pull back,1,0,https://www.youtube.com/watch?v=tS9o8aQjADY,Ugxr4jTcfnFUKWby3Ll4AaABAg.AN3G98q8loGANL-8YC3oMC,youtube-data-api-v3/commentThreads.list,
1.943,entry_timing,youtube,"Can u pls make a video on entry models 
Em 1 
Em 2 
Em 3 
I would appreciate Justin",1,0,https://www.youtube.com/watch?v=taBdnsItyiI,Ugy4QqfgbsZ5F7FpSp54AaABAg,youtube-data-api-v3/commentThreads.list,
1.943,education_gap,youtube,Amazing information ! This is what I needed! It s exactly what happens to me allot! 😊🙈👍 thank you allot!!❤,1,0,https://www.youtube.com/watch?v=taBdnsItyiI,Ugz97_--efocqjE95st4AaABAg,youtube-data-api-v3/commentThreads.list,
1.943,strategy_rules,youtube,Please follow this advice - it will make me rich - because its just a single part of a complete strategy and if you do it like he said - thanks for your money :-),1,0,https://www.youtube.com/watch?v=tS9o8aQjADY,Ugzr8-KIZxUIHVmi6WJ4AaABAg,youtube-data-api-v3/commentThreads.list,
1.597,entry_timing,youtube,Ajarkan cara marking Breakout - Pulback - Entry bang,0,1,https://www.youtube.com/watch?v=vRoToHC9STU,UgyjBDgff8JtaWWwcgF4AaABAg,youtube-data-api-v3/commentThreads.list,
1.597,education_gap,youtube,how do you chose your profits confirmation,0,1,https://www.youtube.com/watch?v=IyrbbmKv3RE,Ugyx1XPvAa-3CFGjXcx4AaABAg,youtube-data-api-v3/commentThreads.list,
1.597,risk_management,youtube,"Sehat sllu mas Tama,trimakasih ilmunya",0,1,https://www.youtube.com/watch?v=vRoToHC9STU,Ugzm1KBkpPxoHKUZGuB4AaABAg,youtube-data-api-v3/commentThreads.list,
1.5,risk_management|entry_timing,youtube,"As a beginner investor, it’s essential for you to have a mentor to keep you accountable.
 Chris James Cooks is my trade analyst, he has guided me to identify key market trends, pinpointed strategic entry points, and provided risk assessments, ensuring my trades decisions align with market dynamics for optimal returns .",0,0,https://www.youtube.com/watch?v=tS9o8aQjADY,Ugw47f4UJ0eb3ABxQ9R4AaABAg.AXJUeaDUjk4AXJVH_FZG_x,youtube-data-api-v3/commentThreads.list,
1.5,entry_timing|education_gap,youtube,"One thing I've learned from the market is that success isn't just about timing, it's about spotting the right opportunities and having the right mentor by your side. That's what also keeps you steady during dips like this.",0,0,https://www.youtube.com/watch?v=tS9o8aQjADY,Ugw47f4UJ0eb3ABxQ9R4AaABAg.AXJUeaDUjk4AXJVPEG48yh,youtube-data-api-v3/commentThreads.list,
1.5,entry_timing|education_gap,youtube,"how the hell we can entry, when the candle is already drawed bruhh, u kidding me 7:15",0,0,https://www.youtube.com/watch?v=FccA87INVUE,UgwMY9g8-PhnghP-_mR4AaABAg,youtube-data-api-v3/commentThreads.list,
1.5,strategy_rules|education_gap,youtube,"Hello bro, 
Can you explain how to trade on 4hrs timeframe without missing out. It is my pleasure if you can talk on it.
Thanks",0,0,https://www.youtube.com/watch?v=FccA87INVUE,Ugwn01ANfSTkkGu6wbF4AaABAg,youtube-data-api-v3/commentThreads.list,
1.5,entry_timing|education_gap,youtube,this guy is honest how you find entry's thats rare,0,0,https://www.youtube.com/watch?v=kis7l0y1JUg,Ugx9g3reEGWu0U4smP94AaABAg,youtube-data-api-v3/commentThreads.list,
1.5,entry_timing|education_gap,youtube,Love how you broke this down! Makes me think about how Rumora works for me. Gaining visibility in a crowded market is just like finding the perfect entry points!,0,0,https://www.youtube.com/watch?v=tS9o8aQjADY,UgxGEmDaFrq2fCRMbG54AaABAg,youtube-data-api-v3/commentThreads.list,
1.5,strategy_rules|education_gap,youtube,Hey what happend with ur indicator are u gonna let more people buy it and can u put a trial of 2 to 5 days or a less payment to test it like for $20 dollars 1 week,0,0,https://www.youtube.com/watch?v=IyrbbmKv3RE,Ugxw8qSJl1bieffXnSh4AaABAg,youtube-data-api-v3/commentThreads.list,
1.5,strategy_rules|education_gap,youtube,Finally! A trader who knows how to trade without indicators! 😊,0,0,https://www.youtube.com/watch?v=tS9o8aQjADY,UgxwrCf3oKdOwk9z9fJ4AaABAg,youtube-data-api-v3/commentThreads.list,
1.5,risk_management|education_gap,youtube,OMG Winp Token!!! 00:35 Dude seriously what an awesome video can appreciate how much work went into this quality quality quality much love from Australia,0,0,https://www.youtube.com/watch?v=kis7l0y1JUg,UgyPQ6POg-wFElsaXFx4AaABAg,youtube-data-api-v3/commentThreads.list,
1.5,strategy_rules|education_gap,youtube,"Please what is the timeframe, it very important",0,0,https://www.youtube.com/watch?v=FccA87INVUE,UgySpBC9Wfggu5q0d1h4AaABAg,youtube-data-api-v3/commentThreads.list,
1.5,strategy_rules|education_gap,youtube,@propertymaintenancesouthwe3111 took me over 2 years to build and it was done using AI but with my own strategy.. just took a lot of work to get AI to build what's in my head,0,0,https://www.youtube.com/watch?v=tS9o8aQjADY,Ugz4IJ4XZtjSENF9PRh4AaABAg.AJBk9K4CLBEARCUMV6p33D,youtube-data-api-v3/commentThreads.list,
1.5,strategy_rules|education_gap,youtube,"@ksawis_ its all probabilities, as i said there is no holy grail. You need a system that gives you higher probabilities, then you need balls of steel to stick to that trade. if you know nothing about fundamentals and technical analysis then go to babypips and study every tutorial on that website.  Take away from that knowledge what setups give you higher probabilities of a profitable trade.  Good luck",0,0,https://www.youtube.com/watch?v=tS9o8aQjADY,UgzC866k6Mgm_xpRjb14AaABAg.AJ5QmpyNPsDAJ6BUlG7Hfr,youtube-data-api-v3/commentThreads.list,
1.5,entry_timing|strategy_rules,youtube,3AM. I have a similar setup on 5min but just need an extra confirmation instead of entering and waiting. Now I can go on 1min and confirm. Thanks my man,0,0,https://www.youtube.com/watch?v=4tFcM7NcefU,UgzHAjc0z2FWVvrpM_N4AaABAg,youtube-data-api-v3/commentThreads.list,
1.25,education_gap,youtube,"To be honest, I need a lot of assistance learning to trade. I get really depressed when I see how low my portfolio is.",0,0,https://www.youtube.com/watch?v=tS9o8aQjADY,Ugw47f4UJ0eb3ABxQ9R4AaABAg.AXJUeaDUjk4AXJVKW8GKb9,youtube-data-api-v3/commentThreads.list,
1.25,risk_management,youtube,"Trading without proper guidance is one of the biggest challenges for beginners. Without a qualified advisor, many traders either remain stuck or face losses that slow their progress.",0,0,https://www.youtube.com/watch?v=tS9o8aQjADY,Ugw47f4UJ0eb3ABxQ9R4AaABAg.AXJUeaDUjk4AXJVMLZ3DcF,youtube-data-api-v3/commentThreads.list,
1.25,entry_timing,youtube,"perfect timing for me, thanks a bunch! 😊",0,0,https://www.youtube.com/watch?v=tS9o8aQjADY,Ugw7NGl2NlK7n4aBokF4AaABAg,youtube-data-api-v3/commentThreads.list,
1.25,psychology,youtube,"Trading is 80% battling your own brain, 20% revenge clicking 😓 If I just followed my plan instead of chasing every feeling I had, I’d be on a yacht right now.",0,0,https://www.youtube.com/watch?v=tS9o8aQjADY,UgwDpq26W2yMA6yAwRh4AaABAg.AZXO5pAlyX-AZXOKlt8dbd,youtube-data-api-v3/commentThreads.list,
1.25,risk_management,youtube,Yes got SL exactly same but with high rr I am still taking payout consistently,0,0,https://www.youtube.com/watch?v=taBdnsItyiI,UgwMUONOIOFMY3oTGpx4AaABAg,youtube-data-api-v3/commentThreads.list,
1.25,education_gap,youtube,"Every trade will and can be different, indexes dip, news, catalyst, internal news, insiders, institutional sweep, etc etc.

SET YOUR OWN RULES, know what you need, know what you want.",0,0,https://www.youtube.com/watch?v=IyrbbmKv3RE,UgwRPKSXtZoqe73WqqF4AaABAg,youtube-data-api-v3/commentThreads.list,
1.25,psychology,youtube,Agreed,0,0,https://www.youtube.com/watch?v=kis7l0y1JUg,UgwUg70bipEdDf3q85d4AaABAg.A2vM2DsFil4AC4pOGwqcgR,youtube-data-api-v3/commentThreads.list,
1.25,education_gap,youtube,"Yes, I know him. I actually followed his signals, and that experience really changed how I trade.",0,0,https://www.youtube.com/watch?v=IyrbbmKv3RE,UgwXvR7RRHmrpIFKEHN4AaABAg.AYTy4ojAvwXAYU494ZMnz9,youtube-data-api-v3/commentThreads.list,
1.25,strategy_rules,youtube,Love this guy is strategy,0,0,https://www.youtube.com/watch?v=IyrbbmKv3RE,Ugwc3CXdyh-OmxHv5rJ4AaABAg,youtube-data-api-v3/commentThreads.list,
1.25,risk_management,youtube,"Trading without proper guidance is one of the biggest challenges for beginners. Without a qualified advisor, many traders either remain stuck or face losses that slow their progress.",0,0,https://www.youtube.com/watch?v=tS9o8aQjADY,UgwhFJlFfZ00syPQaP14AaABAg.AYlh5Vi3S_-AYlhlOY2vOl,youtube-data-api-v3/commentThreads.list,
1.25,strategy_rules,youtube,"​@gurzmnnab1 Trust me, master one strategy at a time",0,0,https://www.youtube.com/watch?v=tS9o8aQjADY,UgwtL6_8PtLkEN26RUV4AaABAg.AJE3qlyKY83AVscoqE8tyR,youtube-data-api-v3/commentThreads.list,
1.25,entry_timing,youtube,If you don't want to be missing entries then use model one entry model,0,0,https://www.youtube.com/watch?v=4tFcM7NcefU,UgwtnhUhVv7Lean1FS94AaABAg,youtube-data-api-v3/commentThreads.list,
1.25,broker_platform,youtube,"Nggak mau di bilang mas tapi klo seperti tes"" broker dia udh tes banyak broker salahsatunya Octa",0,0,https://www.youtube.com/watch?v=vRoToHC9STU,Ugx1dua_KjM8Q5oRpQd4AaABAg.9alcNZgEeeZ9alfC4MraA9,youtube-data-api-v3/commentThreads.list,
1.25,broker_platform,youtube,"My first investment with Mr Carlos gave me profit of over $24,000 Us dollars and ever since then he has never failed to deliver and I can even say he is the most sincere broker I have known",0,0,https://www.youtube.com/watch?v=kis7l0y1JUg,Ugx2BT0ZLeoi15tFd5Z4AaABAg.9gbm1W9cv6W9gbmbnA_pY7,youtube-data-api-v3/commentThreads.list,
1.25,risk_management,youtube,"Mr Carlos is obviously the best, I invested $3,000 and he made profit of $28,000 for me just in 15 days",0,0,https://www.youtube.com/watch?v=kis7l0y1JUg,Ugx2BT0ZLeoi15tFd5Z4AaABAg.9gbm1W9cv6W9gbmiaylbch,youtube-data-api-v3/commentThreads.list,
1.25,education_gap,youtube,just what i needed to get better at trading 🙌,0,0,https://www.youtube.com/watch?v=tS9o8aQjADY,Ugx9RvvboTUf3j8YRU54AaABAg,youtube-data-api-v3/commentThreads.list,
1.25,entry_timing,youtube,your entry not trigger ..,0,0,https://www.youtube.com/watch?v=4tFcM7NcefU,UgxF-GxzUl4XZg-XG7t4AaABAg,youtube-data-api-v3/commentThreads.list,
1.25,broker_platform,youtube,"She is my family's personal broker and also a personal broker in many families I'm United States, she's a licensed broker and a FINRA AGENT in United states.",0,0,https://www.youtube.com/watch?v=kis7l0y1JUg,UgxMqdqbcd5IgHrKkW94AaABAg.A08LbJnZystA08Lr2p4rSj,youtube-data-api-v3/commentThreads.list,
1.25,entry_timing,youtube,Entering trades based on confirmation instead of predictions is such an important lesson. This mindset alone can save traders from so many unnecessary losses. Great explanation! 📈🔥,0,0,https://www.youtube.com/watch?v=taBdnsItyiI,UgxfUJ1Hgx812NOiR214AaABAg,youtube-data-api-v3/commentThreads.list,
1.25,strategy_rules,youtube,"Depending on scattered advice online only stretched losses further. The shift happened once consistent, logical guidance replaced guesswork. Understanding the purpose behind each setup made trading feel grounded instead of uncertain.",0,0,https://www.youtube.com/watch?v=tS9o8aQjADY,UgxjjB-vAt43_HB9O754AaABAg.AXfOJk06U8oAXfOTwpqG6P,youtube-data-api-v3/commentThreads.list,
1.25,education_gap,youtube,"For me it was Piers Wyn. I trade alongside him, and with his mentorship, I know exactly what to do. Losing trades aren't part of my story anymore",0,0,https://www.youtube.com/watch?v=tS9o8aQjADY,UgxjjB-vAt43_HB9O754AaABAg.AXfOJk06U8oAXfOVLyCpuC,youtube-data-api-v3/commentThreads.list,
1.25,education_gap,youtube,"Yes, I know him. I actually followed his signals, and that experience really changed how I trade.",0,0,https://www.youtube.com/watch?v=tS9o8aQjADY,UgxjjB-vAt43_HB9O754AaABAg.AXfOJk06U8oAXfRTxVyxRW,youtube-data-api-v3/commentThreads.list,
1.25,education_gap,youtube,"Yes, I know him. I actually followed his signals, and that experience really changed how I trade.",0,0,https://www.youtube.com/watch?v=4tFcM7NcefU,Ugxjxu83iKgTbErkUZJ4AaABAg.A_Yf2iCjGo-A_YfG5IBhrK,youtube-data-api-v3/commentThreads.list,
1.25,education_gap,youtube,"Just what I needed,,,,, thanks King,,, off to backtest now",0,0,https://www.youtube.com/watch?v=kis7l0y1JUg,UgxkxeqPkVq4aZxw_C94AaABAg,youtube-data-api-v3/commentThreads.list,
1.25,education_gap,youtube,"Wow! This is so amazing,  please how do I get in touch with Richard Scote, I would love to trade with him",0,0,https://www.youtube.com/watch?v=kis7l0y1JUg,Ugxv9wWI-iRHBUcYn3V4AaABAg.9gMVm8-F9lM9gMWiODV_mU,youtube-data-api-v3/commentThreads.list,
1.25,risk_management,youtube,Always takes my SL by ticks then runs in my direction,0,0,https://www.youtube.com/watch?v=taBdnsItyiI,Ugxx4t3TJOeHatLnFgJ4AaABAg.AOLk8p1PIaZAOM42YQO7H8,youtube-data-api-v3/commentThreads.list,
1.25,education_gap,youtube,This is not the first time i am hearing of this woman and her exploit trading world but i have no idea on how to reach her😢😢,0,0,https://www.youtube.com/watch?v=kis7l0y1JUg,Ugy4Kyf42xLIfwE1wk94AaABAg.9mWEQgCT_i89mWEynzkvZq,youtube-data-api-v3/commentThreads.list,
1.25,entry_timing,youtube,U leave that entry,0,0,https://www.youtube.com/watch?v=FccA87INVUE,UgyCp7t2Ze4MLvPiZON4AaABAg.AE7klgs0SMyAGrQSjALozG,youtube-data-api-v3/commentThreads.list,
1.25,entry_timing,youtube,Iya tapi tidak selalu. Tetap tggu konfirmasi aja kalau mau entry,0,0,https://www.youtube.com/watch?v=vRoToHC9STU,UgyWfojOU1gPdiQj57N4AaABAg.9albEg4DawU9alfWqtcX0v,youtube-data-api-v3/commentThreads.list,
1.25,education_gap,youtube,"Honestly it has been different for me, Just closed a really good trade today and I'm honestly proud of how far I've come. The growth is showing for real",0,0,https://www.youtube.com/watch?v=tS9o8aQjADY,Ugya8W-oTByQYDJ4AKV4AaABAg.ARBIBqUMNdBARBIN1MXEYT,youtube-data-api-v3/commentThreads.list,
1.25,risk_management,youtube,bro we are still watching ur video after 1 year aslo  .    ur good bro thx for teaching us,0,0,https://www.youtube.com/watch?v=kis7l0y1JUg,UgybMThaqcJV_e_7HSt4AaABAg,youtube-data-api-v3/commentThreads.list,
1.25,strategy_rules,youtube,now i am trying the third strategy in live. I hope t smash everything,0,0,https://www.youtube.com/watch?v=kis7l0y1JUg,UgydEOvMR8iQWa75K7J4AaABAg,youtube-data-api-v3/commentThreads.list,
1.25,education_gap,youtube,MAAANNNNNNNNNNN lol why ur video popped up right as im backtesting and look at that . thanks,0,0,https://www.youtube.com/watch?v=4tFcM7NcefU,Ugyfvv9fnajAvvNhdo14AaABAg,youtube-data-api-v3/commentThreads.list,
1.25,risk_management,youtube,20% sl and 80% target works in only trending market,0,0,https://www.youtube.com/watch?v=IyrbbmKv3RE,Ugyh-028HKY-6I1Gh7V4AaABAg,youtube-data-api-v3/commentThreads.list,
1.25,education_gap,youtube,I’ve been trying to do that but I honestly don’t even know what 'institutional flow' looks like on a chart. Everything just looks like random candles to me right now.,0,0,https://www.youtube.com/watch?v=tS9o8aQjADY,UgyihRFxkiUXUXOTb7x4AaABAg.AZhHHr3xWETAZhHe7U0WWO,youtube-data-api-v3/commentThreads.list,
1.25,strategy_rules,youtube,​@FGX_TRADESgather info and work with any strategy that you flow with best.,0,0,https://www.youtube.com/watch?v=kis7l0y1JUg,UgyntZMzIESD2UtM5ut4AaABAg.9gbWsprE4t1AOi6-bk1ioH,youtube-data-api-v3/commentThreads.list,
1.25,strategy_rules,youtube,"​@FGX_TRADESmake one mentor observe his or her life ,test his/her strategy  ,only watch his or her videos , learn from one mentor",0,0,https://www.youtube.com/watch?v=kis7l0y1JUg,UgyntZMzIESD2UtM5ut4AaABAg.9gbWsprE4t1AUXvufjmjYD,youtube-data-api-v3/commentThreads.list,
1.25,entry_timing,youtube,When you were giving the examples of when people enter bad trade you were talking about me 😂😂😂😂🤣🤣 oh my days,0,0,https://www.youtube.com/watch?v=taBdnsItyiI,Ugz1ZlR8Vej1qben4Td4AaABAg,youtube-data-api-v3/commentThreads.list,
1.25,broker_platform,youtube,"I think I'm blessed because if not I wouldn't have met someone who is as spectacular as expert Mrs Bianca 
 I think she is the best broker I ever seen",0,0,https://www.youtube.com/watch?v=kis7l0y1JUg,Ugz3IjtTI_5ggxbu5zJ4AaABAg.9muq4M8J5Ji9muqV1uEArB,youtube-data-api-v3/commentThreads.list,
1.25,education_gap,youtube,"I still wonder how she gets her analysis, I got profit of $28, 609 with a capital of $4000 in 16 days of trading with her",0,0,https://www.youtube.com/watch?v=kis7l0y1JUg,Ugz3IjtTI_5ggxbu5zJ4AaABAg.9muq4M8J5Ji9muqkNJuC1J,youtube-data-api-v3/commentThreads.list,
1.25,education_gap,youtube,"I still wonder how she gets her analysis, I got profit of $28, 609 with a capital of $4000 in 16 days of trading with her",0,0,https://www.youtube.com/watch?v=kis7l0y1JUg,Ugz3IjtTI_5ggxbu5zJ4AaABAg.9muq4M8J5Ji9muqsUJDKlu,youtube-data-api-v3/commentThreads.list,
1.25,risk_management,youtube,See sl size 😢😢,0,0,https://www.youtube.com/watch?v=4tFcM7NcefU,Ugz44aksBs3FEmQlBgp4AaABAg,youtube-data-api-v3/commentThreads.list,
1.25,education_gap,youtube,"Except that youtube trader influencers always show trades that has gone well for them. 
It's very easy to sound smart in hind sight.",0,0,https://www.youtube.com/watch?v=4tFcM7NcefU,Ugz6bypWsyIobkDuWuh4AaABAg.A8VV3YQVSVCAXU0a8oc-Vf,youtube-data-api-v3/commentThreads.list,
1.25,education_gap,youtube,"@ksawis_ Trades are taken on probabilities, nothing is 100%. thats why you must always use Stops, you should have a system that fits your style of trading that also gives you higher probabilities than other systems you learn and test (key word 'TEST' - not with live trading). If you know nothing about trading then go to babypips and learn everything on that site.",0,0,https://www.youtube.com/watch?v=tS9o8aQjADY,UgzC866k6Mgm_xpRjb14AaABAg.AJ5QmpyNPsDAJ6YATEvtDD,youtube-data-api-v3/commentThreads.list,
1.25,education_gap,youtube,"Am from kenya how will join your class, please .am new in trading and am not making anything",0,0,https://www.youtube.com/watch?v=4tFcM7NcefU,UgzDmmf-zZh6hT-T7XJ4AaABAg,youtube-data-api-v3/commentThreads.list,
1.25,psychology,youtube,"My First trade & investment with Ms Bridget Denison gave me $46,300 and that has made me invest without the fear of losing, I got four of my friends that I referred to her and They are making profits just like me_ May God bless Ms Bridget Denison.",0,0,https://www.youtube.com/watch?v=kis7l0y1JUg,UgzNJQCKPR89XLwADKN4AaABAg.9hz_zTBCjhc9hzc_gHMoZv,youtube-data-api-v3/commentThreads.list,
1.25,entry_timing,youtube,i noticed on the second bearish conservative you could have entered the bearish engulfing on the double top,0,0,https://www.youtube.com/watch?v=FccA87INVUE,UgzUdE5kzgmPKFBCV7l4AaABAg,youtube-data-api-v3/commentThreads.list,
1.25,risk_management,youtube,"it's obvious.

a lot of people remain poor due to ignorance, it's better to take risks and make sacrifices than to stay poor",0,0,https://www.youtube.com/watch?v=kis7l0y1JUg,UgzV1KExPdTnuK5nYA94AaABAg.9mqD5hKPXlE9mqDlxVMrtW,youtube-data-api-v3/commentThreads.list,
1.25,strategy_rules,youtube,"The best strategy to use in trading is to trade  a professional who understands the market quite well, that way maximum profit is guaranteed. Because I have learned along the way of my investment that research and analysis are important, note that experience is more needed, than luck when it comes to the financial market.",0,0,https://www.youtube.com/watch?v=kis7l0y1JUg,UgzV1KExPdTnuK5nYA94AaABAg.9mqD5hKPXlE9mqEXx2VLIv,youtube-data-api-v3/commentThreads.list,
1.25,entry_timing,youtube,"dude, i just lost my first trade of the challenge, and just opened the video and hear the ''confirmation entry'' song. and i started to laugh. thanks for changing my mood :D",0,0,https://www.youtube.com/watch?v=IyrbbmKv3RE,UgzVr4nv4vcZBTWxXSF4AaABAg,youtube-data-api-v3/commentThreads.list,
1.25,risk_management,youtube,trading in the financial market  is very volatile and risky to trade that's the reason most investors trade with a professionals,0,0,https://www.youtube.com/watch?v=kis7l0y1JUg,UgzdnjhroPSQNazXVbR4AaABAg.9nPJUKrXao09nPLCoXkAF_,youtube-data-api-v3/commentThreads.list,
1.25,strategy_rules,youtube,Trading with an expert is the best strategy for newbies and busy investors who have little or no time to monitor trade,0,0,https://www.youtube.com/watch?v=kis7l0y1JUg,UgzdnjhroPSQNazXVbR4AaABAg.9nPJUKrXao09nPLNj7m8iP,youtube-data-api-v3/commentThreads.list,
1.25,education_gap,youtube,"thanks sir for the quality information given out to us here, sir, for the 3-candle price action confirmation, what is best TF for day trader also is it neccessary to come to LTF when using the 3-candle price action confirmation.",0,0,https://www.youtube.com/watch?v=FccA87INVUE,Ugzl9njJlmMjU3NZcst4AaABAg,youtube-data-api-v3/commentThreads.list,
1.25,entry_timing,youtube,finally can understand the entry points,0,0,https://www.youtube.com/watch?v=tS9o8aQjADY,UgzqrYK11GHONz3HJuJ4AaABAg,youtube-data-api-v3/commentThreads.list,
1.25,education_gap,youtube,just what i needed to level up my trades,0,0,https://www.youtube.com/watch?v=tS9o8aQjADY,UgzuVBKxTgxJJSvuhrl4AaABAg,youtube-data-api-v3/commentThreads.list,
