stt,tuan,topic,format,title_draft,keyword_chinh,keyword_phu,freq_comment,freq_unigram,do_dai,hook_3s,outline,cta,pain_category,evidence_quote,evidence_url,doi_thu_da_lam,doi_thu_vi_du,doi_thu_views
1,1,Stop Loss đúng cách,How to,How to Stop Loss đúng cách | XAUUSD Trading 2026,stop loss,"stop loss, stop losses, risk management",43,0,5-8 phút,Câu hỏi trực diện về stop loss trong 3 giây đầu,1) Hook 3s · 2) Vấn đề cụ thể · 3) Demo trên chart · 4) Sai lầm phổ biến · 5) Cách làm đúng · 6) CTA,Comment ENTRY for the free checklist,risk_management,"Man, you've genuinely changed my life. I was a college dropout, down to my last bit of savings, and decided to teach myself trading from scratch. I’ve watched all your 230 videos (",https://www.youtube.com/shorts/JD_sWSjIiJE,0 (khoảng trống),,0
2,1,Supply & Demand zone,How to,How to Supply & Demand zone | XAUUSD Trading 2026,supply demand,"supply demand, demand zones, support resistance",36,0,5-8 phút,Câu hỏi trực diện về supply demand trong 3 giây đầu,1) Hook 3s · 2) Vấn đề cụ thể · 3) Demo trên chart · 4) Sai lầm phổ biến · 5) Cách làm đúng · 6) CTA,Comment ENTRY for the free checklist,strategy_rules,"Thanks for adding 1000 in my debt, i meant this as a joke. Tho ORB is useless most of the time you never get the retracement you want or when you get it price reverses. Liquidity g",https://www.youtube.com/shorts/I29peidTQxU,0 (khoảng trống),,0
3,2,Market Structure,How to,How to Market Structure | XAUUSD Trading 2026,market structure,"market structure, break structure",33,0,5-8 phút,Câu hỏi trực diện về market structure trong 3 giây đầu,1) Hook 3s · 2) Vấn đề cụ thể · 3) Demo trên chart · 4) Sai lầm phổ biến · 5) Cách làm đúng · 6) CTA,Comment ENTRY for the free checklist,education_gap,"Thanks for adding 1000 in my debt, i meant this as a joke. Tho ORB is useless most of the time you never get the retracement you want or when you get it price reverses. Liquidity g",https://www.youtube.com/shorts/I29peidTQxU,0 (khoảng trống),,0
4,2,Risk Management cho tài khoản nhỏ,How to,How to Risk Management cho tài khoản nhỏ | XAUUSD Trading 20,risk management,"risk management, trading account, per day",29,0,5-8 phút,Câu hỏi trực diện về risk management trong 3 giây đầu,1) Hook 3s · 2) Vấn đề cụ thể · 3) Demo trên chart · 4) Sai lầm phổ biến · 5) Cách làm đúng · 6) CTA,Comment ENTRY for the free checklist,risk_management,"Man, you've genuinely changed my life. I was a college dropout, down to my last bit of savings, and decided to teach myself trading from scratch. I’ve watched all your 230 videos (",https://www.youtube.com/shorts/JD_sWSjIiJE,0 (khoảng trống),,0
5,3,Daily Bias,How to,How to Daily Bias | XAUUSD Trading 2026,daily bias,"daily bias, ict daily, bias",23,0,5-8 phút,Câu hỏi trực diện về daily bias trong 3 giây đầu,1) Hook 3s · 2) Vấn đề cụ thể · 3) Demo trên chart · 4) Sai lầm phổ biến · 5) Cách làm đúng · 6) CTA,Comment ENTRY for the free checklist,strategy_rules,"Thanks for adding 1000 in my debt, i meant this as a joke. Tho ORB is useless most of the time you never get the retracement you want or when you get it price reverses. Liquidity g",https://www.youtube.com/shorts/I29peidTQxU,0 (khoảng trống),,0
6,3,Swing Trading,How to,How to Swing Trading | XAUUSD Trading 2026,swing trading,"swing trading, trading strategy",21,0,5-8 phút,Câu hỏi trực diện về swing trading trong 3 giây đầu,1) Hook 3s · 2) Vấn đề cụ thể · 3) Demo trên chart · 4) Sai lầm phổ biến · 5) Cách làm đúng · 6) CTA,Comment ENTRY for the free checklist,strategy_rules,"Thanks for adding 1000 in my debt, i meant this as a joke. Tho ORB is useless most of the time you never get the retracement you want or when you get it price reverses. Liquidity g",https://www.youtube.com/shorts/I29peidTQxU,2 video,Best Timeframe Trading Strategy (Top Down Analysis) I Forex trading Xa,220
7,4,Paper Trading — bắt đầu an toàn,How to,How to Paper Trading — bắt đầu an toàn | XAUUSD Trading 2026,paper trading,"paper trading, started trading, trading journey",15,0,5-8 phút,Câu hỏi trực diện về paper trading trong 3 giây đầu,1) Hook 3s · 2) Vấn đề cụ thể · 3) Demo trên chart · 4) Sai lầm phổ biến · 5) Cách làm đúng · 6) CTA,Comment ENTRY for the free checklist,education_gap,"Thanks for adding 1000 in my debt, i meant this as a joke. Tho ORB is useless most of the time you never get the retracement you want or when you get it price reverses. Liquidity g",https://www.youtube.com/shorts/I29peidTQxU,0 (khoảng trống),,0
8,4,Prop Firm: nên hay không,How to,How to Prop Firm: nên hay không | XAUUSD Trading 2026,prop firms,"prop firms, prop firm, trading account",15,0,5-8 phút,Câu hỏi trực diện về prop firms trong 3 giây đầu,1) Hook 3s · 2) Vấn đề cụ thể · 3) Demo trên chart · 4) Sai lầm phổ biến · 5) Cách làm đúng · 6) CTA,Comment ENTRY for the free checklist,broker_platform,"From my observation and historical market pattern, there might be a bit of turbulence in the market coming up, but here's the deal: Trying to guess what's going to happen next is l",https://www.youtube.com/watch?v=3JoMwrrN89E,0 (khoảng trống),,0
9,5,Order Block,How to,How to Order Block | XAUUSD Trading 2026,order block,"order block, liquidity sweep, order blocks",12,0,5-8 phút,Câu hỏi trực diện về order block trong 3 giây đầu,1) Hook 3s · 2) Vấn đề cụ thể · 3) Demo trên chart · 4) Sai lầm phổ biến · 5) Cách làm đúng · 6) CTA,Comment ENTRY for the free checklist,strategy_rules,"Thanks for adding 1000 in my debt, i meant this as a joke. Tho ORB is useless most of the time you never get the retracement you want or when you get it price reverses. Liquidity g",https://www.youtube.com/shorts/I29peidTQxU,0 (khoảng trống),,0
10,5,Liquidity Sweep,How to,How to Liquidity Sweep | XAUUSD Trading 2026,liquidity sweep,"liquidity sweep, liquidity, entry points",9,0,5-8 phút,Câu hỏi trực diện về liquidity sweep trong 3 giây đầu,1) Hook 3s · 2) Vấn đề cụ thể · 3) Demo trên chart · 4) Sai lầm phổ biến · 5) Cách làm đúng · 6) CTA,Comment ENTRY for the free checklist,entry_timing,Just did a backtest on this strategy between Feb-23 to half of Aug-23 and only using the 2022 ICT entry model on the retracement to FVG after MSS. Took 50% off at 50% to TP at the ,https://www.youtube.com/watch?v=o0v4KQxZbpU,0 (khoảng trống),,0
11,6,Scalping 1 phút,How to,How to Scalping 1 phút | XAUUSD Trading 2026,minute scalping,"minute scalping, scalping strategy, entry model",8,0,5-8 phút,Câu hỏi trực diện về minute scalping trong 3 giây đầu,1) Hook 3s · 2) Vấn đề cụ thể · 3) Demo trên chart · 4) Sai lầm phổ biến · 5) Cách làm đúng · 6) CTA,Comment ENTRY for the free checklist,entry_timing,Just did a backtest on this strategy between Feb-23 to half of Aug-23 and only using the 2022 ICT entry model on the retracement to FVG after MSS. Took 50% off at 50% to TP at the ,https://www.youtube.com/watch?v=o0v4KQxZbpU,2 video,The 1-Minute Scalping Strategy Most Traders Use WRONG I Forex trading ,460
12,6,Entry Model — vào lệnh đúng,How to,How to Entry Model — vào lệnh đúng | XAUUSD Trading 2026,entry model,"entry model, entry points, entry",8,0,5-8 phút,Câu hỏi trực diện về entry model trong 3 giây đầu,1) Hook 3s · 2) Vấn đề cụ thể · 3) Demo trên chart · 4) Sai lầm phổ biến · 5) Cách làm đúng · 6) CTA,Comment ENTRY for the free checklist,entry_timing,Just did a backtest on this strategy between Feb-23 to half of Aug-23 and only using the 2022 ICT entry model on the retracement to FVG after MSS. Took 50% off at 50% to TP at the ,https://www.youtube.com/watch?v=o0v4KQxZbpU,2 video,🔥 SMC ENTRY Explained! | Smart Money Concept Strategy I Forex trading ,495
13,7,Trading mà không có hướng dẫn,Story + Lesson,How to Trading mà không có hướng dẫn | XAUUSD Trading 2026,trading without proper guidance,"trading without proper guidance, learning trade, learn trade",8,0,5-8 phút,Câu hỏi trực diện về trading without proper guidance trong 3 giây đầu,1) Hook 3s · 2) Vấn đề cụ thể · 3) Demo trên chart · 4) Sai lầm phổ biến · 5) Cách làm đúng · 6) CTA,Comment ENTRY for the free checklist,education_gap,"Thanks for adding 1000 in my debt, i meant this as a joke. Tho ORB is useless most of the time you never get the retracement you want or when you get it price reverses. Liquidity g",https://www.youtube.com/shorts/I29peidTQxU,0 (khoảng trống),,0
14,7,Vì sao trader thua,Story + Lesson,How to Vì sao trader thua | XAUUSD Trading 2026,profitable trader,"profitable trader, trading isnt, following strategy",7,0,5-8 phút,Câu hỏi trực diện về profitable trader trong 3 giây đầu,1) Hook 3s · 2) Vấn đề cụ thể · 3) Demo trên chart · 4) Sai lầm phổ biến · 5) Cách làm đúng · 6) CTA,Comment ENTRY for the free checklist,psychology,"Blowed all my accounts using free and paid signal providers. From now on I will stick to my analysis as I generated some profits, but with fear, I trusted signal providers. Lesson ",https://www.youtube.com/watch?v=G2THP1LGPB0,0 (khoảng trống),,0
15,8,ICT Concepts đơn giản hoá,How to,How to ICT Concepts đơn giản hoá | XAUUSD Trading 2026,ict concepts,"ict concepts, simplified ict, ict daily bias",8,0,5-8 phút,Câu hỏi trực diện về ict concepts trong 3 giây đầu,1) Hook 3s · 2) Vấn đề cụ thể · 3) Demo trên chart · 4) Sai lầm phổ biến · 5) Cách làm đúng · 6) CTA,Comment ENTRY for the free checklist,education_gap,"Thanks for adding 1000 in my debt, i meant this as a joke. Tho ORB is useless most of the time you never get the retracement you want or when you get it price reverses. Liquidity g",https://www.youtube.com/shorts/I29peidTQxU,0 (khoảng trống),,0
16,8,Support & Resistance thật,How to,How to Support & Resistance thật | XAUUSD Trading 2026,support resistance,"support resistance, chart examples",13,0,5-8 phút,Câu hỏi trực diện về support resistance trong 3 giây đầu,1) Hook 3s · 2) Vấn đề cụ thể · 3) Demo trên chart · 4) Sai lầm phổ biến · 5) Cách làm đúng · 6) CTA,Comment ENTRY for the free checklist,education_gap,"Thanks for adding 1000 in my debt, i meant this as a joke. Tho ORB is useless most of the time you never get the retracement you want or when you get it price reverses. Liquidity g",https://www.youtube.com/shorts/I29peidTQxU,0 (khoảng trống),,0
17,9,Trading Journal — nhật ký lệnh,How to,How to Trading Journal — nhật ký lệnh | XAUUSD Trading 2026,trading journey,"trading journey, every day, trading years",8,0,5-8 phút,Câu hỏi trực diện về trading journey trong 3 giây đầu,1) Hook 3s · 2) Vấn đề cụ thể · 3) Demo trên chart · 4) Sai lầm phổ biến · 5) Cách làm đúng · 6) CTA,Comment ENTRY for the free checklist,psychology,"Blowed all my accounts using free and paid signal providers. From now on I will stick to my analysis as I generated some profits, but with fear, I trusted signal providers. Lesson ",https://www.youtube.com/watch?v=G2THP1LGPB0,0 (khoảng trống),,0
18,9,Bắt đầu trading từ 0,Roadmap,How to Bắt đầu trading từ 0 | XAUUSD Trading 2026,started trading,"started trading, money trading, trading real",19,0,5-8 phút,Câu hỏi trực diện về started trading trong 3 giây đầu,1) Hook 3s · 2) Vấn đề cụ thể · 3) Demo trên chart · 4) Sai lầm phổ biến · 5) Cách làm đúng · 6) CTA,Comment ENTRY for the free checklist,education_gap,"Thanks for adding 1000 in my debt, i meant this as a joke. Tho ORB is useless most of the time you never get the retracement you want or when you get it price reverses. Liquidity g",https://www.youtube.com/shorts/I29peidTQxU,0 (khoảng trống),,0
19,10,Candle — đọc nến đúng,How to,How to Candle — đọc nến đúng | XAUUSD Trading 2026,candle candle,"candle candle, candle, chart examples",10,0,5-8 phút,Câu hỏi trực diện về candle candle trong 3 giây đầu,1) Hook 3s · 2) Vấn đề cụ thể · 3) Demo trên chart · 4) Sai lầm phổ biến · 5) Cách làm đúng · 6) CTA,Comment ENTRY for the free checklist,education_gap,"Thanks for adding 1000 in my debt, i meant this as a joke. Tho ORB is useless most of the time you never get the retracement you want or when you get it price reverses. Liquidity g",https://www.youtube.com/shorts/I29peidTQxU,1 video,How To Read Candlestick Charts FAST (Beginner's Guide) I Forex Trading,144
20,10,Timeframe nào cho người mới,How to,How to Timeframe nào cho người mới | XAUUSD Trading 2026,trading strategy,"trading strategy, time, per day",20,0,5-8 phút,Câu hỏi trực diện về trading strategy trong 3 giây đầu,1) Hook 3s · 2) Vấn đề cụ thể · 3) Demo trên chart · 4) Sai lầm phổ biến · 5) Cách làm đúng · 6) CTA,Comment ENTRY for the free checklist,education_gap,"Thanks for adding 1000 in my debt, i meant this as a joke. Tho ORB is useless most of the time you never get the retracement you want or when you get it price reverses. Liquidity g",https://www.youtube.com/shorts/I29peidTQxU,2 video,Best Timeframe Trading Strategy (Top Down Analysis) I Forex trading Xa,220
21,11,Số lệnh mỗi ngày,How to,How to Số lệnh mỗi ngày | XAUUSD Trading 2026,per day,"per day, every day, trading account",8,0,5-8 phút,Câu hỏi trực diện về per day trong 3 giây đầu,1) Hook 3s · 2) Vấn đề cụ thể · 3) Demo trên chart · 4) Sai lầm phổ biến · 5) Cách làm đúng · 6) CTA,Comment ENTRY for the free checklist,risk_management,"Man, you've genuinely changed my life. I was a college dropout, down to my last bit of savings, and decided to teach myself trading from scratch. I’ve watched all your 230 videos (",https://www.youtube.com/shorts/JD_sWSjIiJE,0 (khoảng trống),,0
22,11,Tâm lý khi thua liên tiếp,Story + Lesson,How to Tâm lý khi thua liên tiếp | XAUUSD Trading 2026,trading without,"trading without, trading isnt, following strategy",9,0,5-8 phút,Câu hỏi trực diện về trading without trong 3 giây đầu,1) Hook 3s · 2) Vấn đề cụ thể · 3) Demo trên chart · 4) Sai lầm phổ biến · 5) Cách làm đúng · 6) CTA,Comment ENTRY for the free checklist,psychology,"Blowed all my accounts using free and paid signal providers. From now on I will stick to my analysis as I generated some profits, but with fear, I trusted signal providers. Lesson ",https://www.youtube.com/watch?v=G2THP1LGPB0,0 (khoảng trống),,0
23,12,XAUUSD vs Forex pairs,Comparison,How to XAUUSD vs Forex pairs | XAUUSD Trading 2026,trading real,"trading real, price, chart",8,0,5-8 phút,Câu hỏi trực diện về trading real trong 3 giây đầu,1) Hook 3s · 2) Vấn đề cụ thể · 3) Demo trên chart · 4) Sai lầm phổ biến · 5) Cách làm đúng · 6) CTA,Comment ENTRY for the free checklist,broker_platform,"From my observation and historical market pattern, there might be a bit of turbulence in the market coming up, but here's the deal: Trying to guess what's going to happen next is l",https://www.youtube.com/watch?v=3JoMwrrN89E,2 video,Best Price Action Trading Strategy That Will Change The Way You Trade ,171
24,12,Lộ trình 90 ngày,Roadmap,How to Lộ trình 90 ngày | XAUUSD Trading 2026,learn trade,"learn trade, learning trade, started trading",8,0,5-8 phút,Câu hỏi trực diện về learn trade trong 3 giây đầu,1) Hook 3s · 2) Vấn đề cụ thể · 3) Demo trên chart · 4) Sai lầm phổ biến · 5) Cách làm đúng · 6) CTA,Comment ENTRY for the free checklist,education_gap,"Thanks for adding 1000 in my debt, i meant this as a joke. Tho ORB is useless most of the time you never get the retracement you want or when you get it price reverses. Liquidity g",https://www.youtube.com/shorts/I29peidTQxU,0 (khoảng trống),,0
