Ngày,Date,Thứ,Pha,Tuần,Chủ đề,Từ khoá,Tiêu đề gợi ý,Thumbnail,Chữ trên ảnh,Việc chính
1,2026-10-03,Sat,SẢN XUẤT,1,Stop Loss đúng cách,stop loss,Stop Loss đúng cách — 3 Bước Cho Người Mới 2026,T1,STOP LOSS ĐÚNG CÁCH — 3 BƯỚC,Đọc lại outline + evidence quote của chủ đề hôm nay | Viết kịch bản đầy đủ theo hook 3s + outline đã có | Quay/ghi âm video long (8 phút mục tiêu) | Chuẩn bị chart XAUUSD thật cho các đoạn cần minh hoạ | Gửi nguyên liệu + brief cho editor
2,2026-10-04,Sun,HOÀN THIỆN & ĐĂNG,1,Stop Loss đúng cách,stop loss,Stop Loss đúng cách — 3 Bước Cho Người Mới 2026,T1,STOP LOSS ĐÚNG CÁCH — 3 BƯỚC,"Kiểm tra bản dựng: hook 3-5s, cao trào 30/60/80% | Làm 2 biến thể A/B theo concept trong DESIGN_BRIEF | Dán tiêu đề + mô tả + tag từ SEO_PACKAGES (chọn 1 trong 5 title) | Đăng thẳng, KHÔNG premiere/đặt lịch (kênh còn nhỏ) | Cắt 3 Short từ chính video long này"
3,2026-10-05,Mon,SẢN XUẤT,1,Supply & Demand zone,supply demand,Supply & Demand zone — 3 Bước Cho Người Mới 2026,T2,SUPPLY & DEMAND ZONE — 3 BƯỚ,Đọc lại outline + evidence quote của chủ đề hôm nay | Viết kịch bản đầy đủ theo hook 3s + outline đã có | Quay/ghi âm video long (8 phút mục tiêu) | Chuẩn bị chart XAUUSD thật cho các đoạn cần minh hoạ | Gửi nguyên liệu + brief cho editor
4,2026-10-06,Tue,HOÀN THIỆN & ĐĂNG,1,Supply & Demand zone,supply demand,Supply & Demand zone — 3 Bước Cho Người Mới 2026,T2,SUPPLY & DEMAND ZONE — 3 BƯỚ,"Kiểm tra bản dựng: hook 3-5s, cao trào 30/60/80% | Làm 2 biến thể A/B theo concept trong DESIGN_BRIEF | Dán tiêu đề + mô tả + tag từ SEO_PACKAGES (chọn 1 trong 5 title) | Đăng thẳng, KHÔNG premiere/đặt lịch (kênh còn nhỏ) | Cắt 3 Short từ chính video long này"
5,2026-10-07,Wed,SẢN XUẤT,2,Market Structure,market structure,Market Structure — 3 Bước Cho Người Mới 2026,T5,MARKET STRUCTURE — 3 BƯỚC CH,Đọc lại outline + evidence quote của chủ đề hôm nay | Viết kịch bản đầy đủ theo hook 3s + outline đã có | Quay/ghi âm video long (8 phút mục tiêu) | Chuẩn bị chart XAUUSD thật cho các đoạn cần minh hoạ | Gửi nguyên liệu + brief cho editor
6,2026-10-08,Thu,HOÀN THIỆN & ĐĂNG,2,Market Structure,market structure,Market Structure — 3 Bước Cho Người Mới 2026,T5,MARKET STRUCTURE — 3 BƯỚC CH,"Kiểm tra bản dựng: hook 3-5s, cao trào 30/60/80% | Làm 2 biến thể A/B theo concept trong DESIGN_BRIEF | Dán tiêu đề + mô tả + tag từ SEO_PACKAGES (chọn 1 trong 5 title) | Đăng thẳng, KHÔNG premiere/đặt lịch (kênh còn nhỏ) | Cắt 3 Short từ chính video long này"
7,2026-10-09,Fri,SẢN XUẤT,2,Risk Management cho tài khoản nhỏ,risk management,Tại Sao Bạn Vẫn Thua Với Risk Management cho tài khoản nhỏ,T1,TẠI SAO BẠN VẪN THUA VỚI RIS,Đọc lại outline + evidence quote của chủ đề hôm nay | Viết kịch bản đầy đủ theo hook 3s + outline đã có | Quay/ghi âm video long (8 phút mục tiêu) | Chuẩn bị chart XAUUSD thật cho các đoạn cần minh hoạ | Gửi nguyên liệu + brief cho editor
8,2026-10-10,Sat,HOÀN THIỆN & ĐĂNG,2,Risk Management cho tài khoản nhỏ,risk management,Tại Sao Bạn Vẫn Thua Với Risk Management cho tài khoản nhỏ,T1,TẠI SAO BẠN VẪN THUA VỚI RIS,"Kiểm tra bản dựng: hook 3-5s, cao trào 30/60/80% | Làm 2 biến thể A/B theo concept trong DESIGN_BRIEF | Dán tiêu đề + mô tả + tag từ SEO_PACKAGES (chọn 1 trong 5 title) | Đăng thẳng, KHÔNG premiere/đặt lịch (kênh còn nhỏ) | Cắt 3 Short từ chính video long này"
9,2026-10-11,Sun,SẢN XUẤT,3,Daily Bias,daily bias,Daily Bias — 3 Bước Cho Người Mới 2026,T5,DAILY BIAS — 3 BƯỚC CHO NGƯỜ,Đọc lại outline + evidence quote của chủ đề hôm nay | Viết kịch bản đầy đủ theo hook 3s + outline đã có | Quay/ghi âm video long (8 phút mục tiêu) | Chuẩn bị chart XAUUSD thật cho các đoạn cần minh hoạ | Gửi nguyên liệu + brief cho editor
10,2026-10-12,Mon,HOÀN THIỆN & ĐĂNG,3,Daily Bias,daily bias,Daily Bias — 3 Bước Cho Người Mới 2026,T5,DAILY BIAS — 3 BƯỚC CHO NGƯỜ,"Kiểm tra bản dựng: hook 3-5s, cao trào 30/60/80% | Làm 2 biến thể A/B theo concept trong DESIGN_BRIEF | Dán tiêu đề + mô tả + tag từ SEO_PACKAGES (chọn 1 trong 5 title) | Đăng thẳng, KHÔNG premiere/đặt lịch (kênh còn nhỏ) | Cắt 3 Short từ chính video long này"
11,2026-10-13,Tue,SẢN XUẤT,3,Swing Trading,swing trading,Swing Trading — 3 Bước Cho Người Mới 2026,T1,SWING TRADING — 3 BƯỚC CHO N,Đọc lại outline + evidence quote của chủ đề hôm nay | Viết kịch bản đầy đủ theo hook 3s + outline đã có | Quay/ghi âm video long (8 phút mục tiêu) | Chuẩn bị chart XAUUSD thật cho các đoạn cần minh hoạ | Gửi nguyên liệu + brief cho editor
12,2026-10-14,Wed,HOÀN THIỆN & ĐĂNG,3,Swing Trading,swing trading,Swing Trading — 3 Bước Cho Người Mới 2026,T1,SWING TRADING — 3 BƯỚC CHO N,"Kiểm tra bản dựng: hook 3-5s, cao trào 30/60/80% | Làm 2 biến thể A/B theo concept trong DESIGN_BRIEF | Dán tiêu đề + mô tả + tag từ SEO_PACKAGES (chọn 1 trong 5 title) | Đăng thẳng, KHÔNG premiere/đặt lịch (kênh còn nhỏ) | Cắt 3 Short từ chính video long này"
13,2026-10-15,Thu,SẢN XUẤT,4,Paper Trading — bắt đầu an toàn,paper trading,Paper Trading — bắt đầu an toàn — 3 Bước Cho Người Mới 2026,T5,PAPER TRADING — BẮT ĐẦU AN T,Đọc lại outline + evidence quote của chủ đề hôm nay | Viết kịch bản đầy đủ theo hook 3s + outline đã có | Quay/ghi âm video long (8 phút mục tiêu) | Chuẩn bị chart XAUUSD thật cho các đoạn cần minh hoạ | Gửi nguyên liệu + brief cho editor
14,2026-10-16,Fri,HOÀN THIỆN & ĐĂNG,4,Paper Trading — bắt đầu an toàn,paper trading,Paper Trading — bắt đầu an toàn — 3 Bước Cho Người Mới 2026,T5,PAPER TRADING — BẮT ĐẦU AN T,"Kiểm tra bản dựng: hook 3-5s, cao trào 30/60/80% | Làm 2 biến thể A/B theo concept trong DESIGN_BRIEF | Dán tiêu đề + mô tả + tag từ SEO_PACKAGES (chọn 1 trong 5 title) | Đăng thẳng, KHÔNG premiere/đặt lịch (kênh còn nhỏ) | Cắt 3 Short từ chính video long này"
15,2026-10-17,Sat,SẢN XUẤT,4,Prop Firm: nên hay không,prop firms,Prop Firm: nên hay không — 3 Bước Cho Người Mới 2026,T3,PROP FIRM: NÊN HAY KHÔNG — 3,Đọc lại outline + evidence quote của chủ đề hôm nay | Viết kịch bản đầy đủ theo hook 3s + outline đã có | Quay/ghi âm video long (8 phút mục tiêu) | Chuẩn bị chart XAUUSD thật cho các đoạn cần minh hoạ | Gửi nguyên liệu + brief cho editor
16,2026-10-18,Sun,HOÀN THIỆN & ĐĂNG,4,Prop Firm: nên hay không,prop firms,Prop Firm: nên hay không — 3 Bước Cho Người Mới 2026,T3,PROP FIRM: NÊN HAY KHÔNG — 3,"Kiểm tra bản dựng: hook 3-5s, cao trào 30/60/80% | Làm 2 biến thể A/B theo concept trong DESIGN_BRIEF | Dán tiêu đề + mô tả + tag từ SEO_PACKAGES (chọn 1 trong 5 title) | Đăng thẳng, KHÔNG premiere/đặt lịch (kênh còn nhỏ) | Cắt 3 Short từ chính video long này"
17,2026-10-19,Mon,SẢN XUẤT,5,Order Block,order block,Order Block — 3 Bước Cho Người Mới 2026,T4,ORDER BLOCK — 3 BƯỚC CHO NGƯ,Đọc lại outline + evidence quote của chủ đề hôm nay | Viết kịch bản đầy đủ theo hook 3s + outline đã có | Quay/ghi âm video long (8 phút mục tiêu) | Chuẩn bị chart XAUUSD thật cho các đoạn cần minh hoạ | Gửi nguyên liệu + brief cho editor
18,2026-10-20,Tue,HOÀN THIỆN & ĐĂNG,5,Order Block,order block,Order Block — 3 Bước Cho Người Mới 2026,T4,ORDER BLOCK — 3 BƯỚC CHO NGƯ,"Kiểm tra bản dựng: hook 3-5s, cao trào 30/60/80% | Làm 2 biến thể A/B theo concept trong DESIGN_BRIEF | Dán tiêu đề + mô tả + tag từ SEO_PACKAGES (chọn 1 trong 5 title) | Đăng thẳng, KHÔNG premiere/đặt lịch (kênh còn nhỏ) | Cắt 3 Short từ chính video long này"
19,2026-10-21,Wed,SẢN XUẤT,5,Liquidity Sweep,liquidity sweep,Liquidity Sweep — 3 Bước Cho Người Mới 2026,T4,LIQUIDITY SWEEP — 3 BƯỚC CHO,Đọc lại outline + evidence quote của chủ đề hôm nay | Viết kịch bản đầy đủ theo hook 3s + outline đã có | Quay/ghi âm video long (8 phút mục tiêu) | Chuẩn bị chart XAUUSD thật cho các đoạn cần minh hoạ | Gửi nguyên liệu + brief cho editor
20,2026-10-22,Thu,HOÀN THIỆN & ĐĂNG,5,Liquidity Sweep,liquidity sweep,Liquidity Sweep — 3 Bước Cho Người Mới 2026,T4,LIQUIDITY SWEEP — 3 BƯỚC CHO,"Kiểm tra bản dựng: hook 3-5s, cao trào 30/60/80% | Làm 2 biến thể A/B theo concept trong DESIGN_BRIEF | Dán tiêu đề + mô tả + tag từ SEO_PACKAGES (chọn 1 trong 5 title) | Đăng thẳng, KHÔNG premiere/đặt lịch (kênh còn nhỏ) | Cắt 3 Short từ chính video long này"
21,2026-10-23,Fri,SẢN XUẤT,6,Scalping 1 phút,minute scalping,Scalping 1 phút — 3 Bước Cho Người Mới 2026,T4,SCALPING 1 PHÚT — 3 BƯỚC CHO,Đọc lại outline + evidence quote của chủ đề hôm nay | Viết kịch bản đầy đủ theo hook 3s + outline đã có | Quay/ghi âm video long (8 phút mục tiêu) | Chuẩn bị chart XAUUSD thật cho các đoạn cần minh hoạ | Gửi nguyên liệu + brief cho editor
22,2026-10-24,Sat,HOÀN THIỆN & ĐĂNG,6,Scalping 1 phút,minute scalping,Scalping 1 phút — 3 Bước Cho Người Mới 2026,T4,SCALPING 1 PHÚT — 3 BƯỚC CHO,"Kiểm tra bản dựng: hook 3-5s, cao trào 30/60/80% | Làm 2 biến thể A/B theo concept trong DESIGN_BRIEF | Dán tiêu đề + mô tả + tag từ SEO_PACKAGES (chọn 1 trong 5 title) | Đăng thẳng, KHÔNG premiere/đặt lịch (kênh còn nhỏ) | Cắt 3 Short từ chính video long này"
23,2026-10-25,Sun,SẢN XUẤT,6,Entry Model — vào lệnh đúng,entry model,Entry Model — vào lệnh đúng — 3 Bước Cho Người Mới 2026,T4,ENTRY MODEL — VÀO LỆNH ĐÚNG ,Đọc lại outline + evidence quote của chủ đề hôm nay | Viết kịch bản đầy đủ theo hook 3s + outline đã có | Quay/ghi âm video long (8 phút mục tiêu) | Chuẩn bị chart XAUUSD thật cho các đoạn cần minh hoạ | Gửi nguyên liệu + brief cho editor
24,2026-10-26,Mon,HOÀN THIỆN & ĐĂNG,6,Entry Model — vào lệnh đúng,entry model,Entry Model — vào lệnh đúng — 3 Bước Cho Người Mới 2026,T4,ENTRY MODEL — VÀO LỆNH ĐÚNG ,"Kiểm tra bản dựng: hook 3-5s, cao trào 30/60/80% | Làm 2 biến thể A/B theo concept trong DESIGN_BRIEF | Dán tiêu đề + mô tả + tag từ SEO_PACKAGES (chọn 1 trong 5 title) | Đăng thẳng, KHÔNG premiere/đặt lịch (kênh còn nhỏ) | Cắt 3 Short từ chính video long này"
25,2026-10-27,Tue,SẢN XUẤT,7,Trading mà không có hướng dẫn,trading without proper guidance,Trading mà không có hướng dẫn — 3 Bước Cho Người Mới 2026,T5,TRADING MÀ KHÔNG CÓ HƯỚNG DẪ,Đọc lại outline + evidence quote của chủ đề hôm nay | Viết kịch bản đầy đủ theo hook 3s + outline đã có | Quay/ghi âm video long (8 phút mục tiêu) | Chuẩn bị chart XAUUSD thật cho các đoạn cần minh hoạ | Gửi nguyên liệu + brief cho editor
26,2026-10-28,Wed,HOÀN THIỆN & ĐĂNG,7,Trading mà không có hướng dẫn,trading without proper guidance,Trading mà không có hướng dẫn — 3 Bước Cho Người Mới 2026,T5,TRADING MÀ KHÔNG CÓ HƯỚNG DẪ,"Kiểm tra bản dựng: hook 3-5s, cao trào 30/60/80% | Làm 2 biến thể A/B theo concept trong DESIGN_BRIEF | Dán tiêu đề + mô tả + tag từ SEO_PACKAGES (chọn 1 trong 5 title) | Đăng thẳng, KHÔNG premiere/đặt lịch (kênh còn nhỏ) | Cắt 3 Short từ chính video long này"
27,2026-10-29,Thu,SẢN XUẤT,7,Vì sao trader thua,profitable trader,Vì sao trader thua — 3 Bước Cho Người Mới 2026,T3,VÌ SAO TRADER THUA — 3 BƯỚC ,Đọc lại outline + evidence quote của chủ đề hôm nay | Viết kịch bản đầy đủ theo hook 3s + outline đã có | Quay/ghi âm video long (8 phút mục tiêu) | Chuẩn bị chart XAUUSD thật cho các đoạn cần minh hoạ | Gửi nguyên liệu + brief cho editor
28,2026-10-30,Fri,HOÀN THIỆN & ĐĂNG,7,Vì sao trader thua,profitable trader,Vì sao trader thua — 3 Bước Cho Người Mới 2026,T3,VÌ SAO TRADER THUA — 3 BƯỚC ,"Kiểm tra bản dựng: hook 3-5s, cao trào 30/60/80% | Làm 2 biến thể A/B theo concept trong DESIGN_BRIEF | Dán tiêu đề + mô tả + tag từ SEO_PACKAGES (chọn 1 trong 5 title) | Đăng thẳng, KHÔNG premiere/đặt lịch (kênh còn nhỏ) | Cắt 3 Short từ chính video long này"
29,2026-10-31,Sat,SẢN XUẤT,8,ICT Concepts đơn giản hoá,ict concepts,ICT Concepts đơn giản hoá — 3 Bước Cho Người Mới 2026,T5,ICT CONCEPTS ĐƠN GIẢN HOÁ — ,Đọc lại outline + evidence quote của chủ đề hôm nay | Viết kịch bản đầy đủ theo hook 3s + outline đã có | Quay/ghi âm video long (8 phút mục tiêu) | Chuẩn bị chart XAUUSD thật cho các đoạn cần minh hoạ | Gửi nguyên liệu + brief cho editor
30,2026-11-01,Sun,HOÀN THIỆN & ĐĂNG,8,ICT Concepts đơn giản hoá,ict concepts,ICT Concepts đơn giản hoá — 3 Bước Cho Người Mới 2026,T5,ICT CONCEPTS ĐƠN GIẢN HOÁ — ,"Kiểm tra bản dựng: hook 3-5s, cao trào 30/60/80% | Làm 2 biến thể A/B theo concept trong DESIGN_BRIEF | Dán tiêu đề + mô tả + tag từ SEO_PACKAGES (chọn 1 trong 5 title) | Đăng thẳng, KHÔNG premiere/đặt lịch (kênh còn nhỏ) | Cắt 3 Short từ chính video long này"
