priority,angle_id,pain_cluster,format,title_draft,keyword,cta,evidence_count,evidence_url,status
1113,SA-07,education_gap / basic không vững,Short,Đừng học ICT khi chưa biết cái này,education_gap,Comment 'ROADMAP' để nhận lộ trình,1113,https://www.youtube.com/watch?v=JXHrTloZ-nE,draft — needs human approval
1113,SA-07,education_gap / basic không vững,Long,Lộ trình 30 ngày từ 0,education_gap,Comment 'ROADMAP' để nhận lộ trình,1113,https://www.youtube.com/watch?v=JXHrTloZ-nE,draft — needs human approval
593,SA-02,overcomplicating / strategy quá phức tạp,Short,Xoá 5 indicator này ngay,overcomplicating,Comment 'SIMPLE' để nhận template 1-setup,593,https://www.youtube.com/shorts/LclxDYccla8,draft — needs human approval
593,SA-02,overcomplicating / strategy quá phức tạp,Long,Từ 10 indicator → 1 setup trong 30 ngày,overcomplicating,Comment 'SIMPLE' để nhận template 1-setup,593,https://www.youtube.com/shorts/LclxDYccla8,draft — needs human approval
528,SA-03,risk_management / cháy tài khoản,Short,1 lệnh này xoá sạch tài khoản,risk_management,Comment 'RISK' để nhận risk calculator,528,https://www.youtube.com/watch?v=o0v4KQxZbpU,draft — needs human approval
528,SA-03,risk_management / cháy tài khoản,Long,Risk management masterclass,risk_management,Comment 'RISK' để nhận risk calculator,528,https://www.youtube.com/watch?v=o0v4KQxZbpU,draft — needs human approval
393,SA-06,community / cô độc khi trading,Short,Trading một mình = thua chậm,community,Join Telegram group,393,https://www.youtube.com/shorts/6zTz7WMdMWg,draft — needs human approval
393,SA-06,community / cô độc khi trading,Long,Tại sao 90% trader cần cộng đồng,community,Join Telegram group,393,https://www.youtube.com/shorts/6zTz7WMdMWg,draft — needs human approval
362,SA-04,entry_timing / vào lệnh sai thời điểm,Short,3 giây trước khi vào lệnh,entry_timing,Comment 'ENTRY' để nhận checklist,362,https://www.youtube.com/shorts/JD_sWSjIiJE,draft — needs human approval
362,SA-04,entry_timing / vào lệnh sai thời điểm,Long,Entry confirmation A-Z,entry_timing,Comment 'ENTRY' để nhận checklist,362,https://www.youtube.com/shorts/JD_sWSjIiJE,draft — needs human approval
139,SA-08,"broker_platform / spread, prop firm",Short,Đừng mua prop challenge trước khi xem cái này,broker_platform,Comment 'PROP' để nhận checklist,139,https://www.youtube.com/shorts/q1NmxUTm4n4,draft — needs human approval
139,SA-08,"broker_platform / spread, prop firm",Long,Chọn prop firm đúng chuẩn,broker_platform,Comment 'PROP' để nhận checklist,139,https://www.youtube.com/shorts/q1NmxUTm4n4,draft — needs human approval
100,SA-05,"psychology / revenge trading, FOMO",Short,Dấu hiệu bạn sắp revenge trade,psychology,Comment 'PSYCH' để nhận trading journal template,100,https://www.youtube.com/watch?v=G2THP1LGPB0,draft — needs human approval
100,SA-05,"psychology / revenge trading, FOMO",Long,Psychology & discipline system,psychology,Comment 'PSYCH' để nhận trading journal template,100,https://www.youtube.com/watch?v=G2THP1LGPB0,draft — needs human approval
89,SA-01,discipline / không theo plan,Short,3 dấu hiệu bạn thiếu hệ thống,discipline,Comment 'PLAN' để nhận checklist,89,https://www.youtube.com/shorts/GKN-iVjJpyA,draft — needs human approval
89,SA-01,discipline / không theo plan,Long,Xây quy trình trading 15 phút/ngày,discipline,Comment 'PLAN' để nhận checklist,89,https://www.youtube.com/shorts/GKN-iVjJpyA,draft — needs human approval
